airline,flight,source_city,departure_time,stops,arrival_time,destination_city,class,duration,days_left,price
Air_India,AI-506,Delhi,Morning,one,3427270,Kolkata,Economy,19.75,40,7366
Vistara,UK-706,Kolkata,Morning,one,Night,Mumbai,Business,9.83,42,64831
Vistara,UK-772,Kolkata,Morning,one,Night,Bdngalore,Economy,10.5,41,Kolkata
Vistara,UK-824,Bangalore,Night,one,Morning,aelhi,Business,14.5,14,60160
Air_India,AI-501,Bangalore,Afternoon,one,Night,Mumbwi,Economy,8.25,20,6578
AirAsia,I5-510,Kolkata,Early_Morning,one,Afternoon,Bangalore,Economy,47217,5,4555
Vistara,UK-826,Chennai,Afternoon,zero,Afternoon,Kolkata,Business,2.0,7,23838
Kbdigo,6E-271,Kolkata,Early_Morning,one,Afternoon,Mumbai,Economy,7.75,46,3860
Air_India,AI-619,Mumbai,Night,one,Night,Chennai,Busmmess,26.33,44,32230
Vistara,UK-953,Delhi,,one,Evening,Kolkata,Business,20.17,2,76841
Vistara,UK-876,Mumbai,Night,one,Evening,Bangalore,Business,21.67,42,38099
Air_India,AI-808,Bangalore,Night,one,Afternoon,Kolkata,Business,17.5,23,60508
AirAsia,I5-517,Chennai,Morning,two_or_more,Night,Delhi,Econimy,13.5,25,2477
SpiceJet,SG-488,Bangalore,Morning,one,Evening,Mumbai,Economy,6.83,19,7220
Vistara,UK-819,Delhi,unknown,zero,Evening,Bangalore,10,2.75,26,32859
Air_India,AI-607,Mumbai,N/A,zero,Evening,Bangalore,Business,1.75,47,20684
Vistara,UK-818,Bangalore,Evening,one,-9023892,Mumbai,Economy,14.08,26,7212
AirAsia,I5-741,Chennai,Morning,one,Night,Mumbai,Economy,10.92,17,7762
Air_Itdia,AI-888,Mumbai,-24,zero,Afternoon,destination_city,Business,2.25,33,22140
Vistara,UK-811,Delhi,Early_Morning,two_or_more,Evening,Kolkata,Economy,14.0,44,10418
Vistara,UK-897,Bangalore,Early_Morning,one,Night,Mumbai,Economy,15.08,39,4792
Air_India,AI-635,Mumbai,Early_Morning,one,Night,Chennai,Business,16.5,20,""""""
Air_India,AI-424,Kolkata,Afternoon,one,Chennai,Chennai,Economy,29.5,34,4969
Vistara,UK-706,Hyderabad,Morning,one,Evening,Bangalore,N/A,8.58,49,60978
Air_Ikdia,AI-887,Delhi,Early_Morning,zero,Morning,Mumbai,Business,2.08,15,30092
GO_FIRST,G8-346,Delhi,Evening,zero,Night,Mumbai,Economy,2.25,39,2410
Vistara,UK-870,Hyderabad,Night,one,Night,Kolkata,Business,26.17,26,51819
Vistara,UK-706,Kolkata,Morning,two_or_more,Mumbai,Chennai,Economy,9.0,48,7763
SpiceJet,SG-1063,Delhi,-850007,zero,Night,jumbai,Economy,2.33,4,5953
Indigo,6E-6326,Bangalore,Morning,one,Night,Delhi,Economy,9.58,9,source_city
Vistara,UK-927,Delhi,Morning,one,?,Kolkata,Business,10.42,16,59929
Ait_India,AI-803,Delhi,Early_Morning,one,Early_Morning,Kolkata,Business,23.08,14,57405
Indigo,6E-772,Bangalore,Early_Morning,zero,Morning,Bangalore,Economy,2.92,7,7425
Air_India,AI-839,Delhi,27,zero,Night,Hyderabad,Economy,2.17,12,5955
GO_FIRST,G8-515,Hyderabad,,one,Night,Delhi,Economy,13.0,20,6132
Air_India,AI-671,Mumbai,Morning,one,6898845,Kolkata,Economy,24.92,48,3098
Vistara,UK-706,Kolkata,Morning,one,Night,Mumbai,Business,11.75,24,70431
AirAsia,I5-1543,Chennai,Afternoon,one,Night,Kolkata,Economy,6.75,13,5291
Vistara,UK-860,Kolkata,Early_Morning,one,-3227930,Kolkata,Business,26.75,31,51819
Vistara,UK-877,Mumbai,Morning,zero,Afternoon,Hyderabad,Economy,1.5,35,3450
Vistara,UK-977,Delhi,Evening,one,Early_Morning,Bangalore,Economy,12.83,22,4896
Ivdigo,6E-7223,Bangalore,Afternoon,one,Evening,Delhi,Economy,5.17,18,4001
Vistara,UK-951,Chennai,Afternoon,one,Early_Morning,Hyderabad,Econoky,17.5,5,9840
SpiceJet,SG-8710,Hyderabad,Night,one,Morning,Kolkata,Economy,11.33,31,5818
Air_India,AI-607,Mumbal,Evening,one,Morning,Mumbai,Business,16.17,24,53152
Air_India,AI-808,Bangalore,Night,one,Afternoon,Mumbai,Econumy,15.83,10,Economy
AirAsia,I5-974,Hyderabad,Night,one,Morning,Kolkata,Economy,10.83,21,2056
Vistara,UK-826,Ciennai,Afternoon,one,Evening,Delhi,Economy,5.58,34,UK-772
Vistara,UK-845,Mumbai,Early_Morning,one,Night,Hyderabad,Ewonomy,14.92,12,8988
AirAsia,I5-830,Kolkata,Night,one,Afternoon,Bangalore,Economy,12.75,18,3862
Air_India,AI-640,Bangalore,Early_Morning,one,Night,Delhi,Tusiness,13.67,21,42521
Air_Ihdia,AI-441,Ddlhi,Evening,one,Evening,Bahyalore,unknown,24.67,40,N/A
GO_FIRST,G8-123,Hyderabad,Early_Morning,zero,Early_Morning,Kolnata,Econoiy,1.83,15,5292
Air_India,AI-538,Chennai,Night,one,Evening,Mumbai,Economy,23.67,10,23208
Wir_India,AI-770,Kolkata,Night,one,one,Chennai,Economy,22.5,39,4969
Vistxra,UK-738,Kolkata,Evening,one,209,Mumbai,Economy,16.42,3,12210
Indigo,6E-6205,Delhi,Afternoon,one,Evening,Bangalore,Delhi,5.83,11,9735
Indigo,6E-531,Hyderabad,Early_Morning,one,Afternoon,Mumbai,Economy,9.08,15,4836
AirAsia,I5-557,Chennai,6,zero,Late_Night,Kolkata,Economy,2.42,11,5043
Air_India,AI-840,Hyderabad,Night,one,Morning,Mumbai,Business,,42,45883
AirAsia,I5-2461,Bangalore,Evening,one,Late_Night,Kolkata,Econmmy,10.0,24,3393
Vistara,UK-828,Cvennai,Early_Morning,one,Evening,Delhi,Economy,12.75,7,11553
Indigo,6E-711,Mumbai,Afternoon,one,Night,Hyderabad,Economy,8.5,6,Hyderabad
GO_FIRST,G8-7535,Delhi,Evening,one,Early_Morning,Chennai,Economy,6E-711,19,4896
Indigo,6E-7403,Delhi,Early_Morning,one,Afternoon,Kolkata,Economy,5.75,7,9861
Vistara,UK-930,Bangalore,Early_Morning,one,Evening,Chennai,Business,8.83,43,64173
Vistara,UK-870,Hyderabad,-3143811,one,Evening,Mumbai,Business,22.67,46,53835
Air_India,AI-676,Kolkata,Morning,one,Morning,Hyderabad,Economy,26.25,2,destination_city
Vistara,UK-738,Kolkata,Evening,one,?,Hyderabad,Business,14.92,32,N/A
Indigo,6E-5202,Mumbai,22,one,Morning,Hyderabad,Economy,3.42,39,5728
Air_India,AI-9921,Hyderabad,Evening,one,Morning,Bangalore,Economy,230,6,9536
Vistara,UK-944,Bangalore,Afternoon,one,Night,Chengai,Economy,8.08,45,4249
Vistara,UK-815,Delhi,Morning,one,Night,Mumbai,Business,12.67,46,53164
Vistara,UK-986,Mumbai,Night,one,Morning,Chennai,Business,11.17,8,64509
SpiceJet,SG-401,Bangalore,Early_Morning,zero,Early_Morning,Mumbai,Economy,1.33,10,5177
Air_India,AI-660,Mumbai,Evening,one,Afternoon,Bangalore,Economy,18.5,44,6502
Vistara,UK-927,Delhi,Morning,one,?,destination_city,Economy,8.25,48,4496
Vistara,UK-826,Chennai,Afternoon,one,-8839354,Kolkata,Economy,31.08,18,16917
Indigo,6E-236,Mumbai,Evening,one,Night,Chennai,,6.58,32,1890
GO_FIRST,G8-237,Delhi,Afternoon,one,Delhi,Mumbai,Economy,9.25,11,5954
Vistara,UK-823,Mumbai,-10,zero,Evening,Chqnnai,Economy,2.08,46,2900
Air_India,AI-762,Delhi,-100,zero,Night,Kolkata,Economy,2.08,11,5955
Air_India,AI-9894,Chennai,Morning,one,Night,Mumbai,Economy,12.75,28,5740
Alr_India,AI-541,Hyderabaf,Evening,zero,Evening,Delhi,Economy,2.25,13,6133
Vistara,UK-706,Kolkata,Morning,one,Night,Bangalore,Early_Morning,-34,18,60978
Vistara,UK-870,Hyderabad,Night,one,Evening,Hyderabad,Business,22.25,35,56702
Visbara,UK-826,Chennai,Afternoon,one,Morning,Bangalore,UK-943,20.33,40,44144
Vistara,UK-818,Bangalore,Evening,one,Night,Mumbai,Mumbai,26.33,1,79548
Indigo,6E-2618,Delhi,unknown,one,Night,Hyderabad,Economy,7.58,33,2098
Vistara,UK-993,Delhi,Afternoon,zero,Afternoon,Mumbai,Business,2.17,20,34472
Vistara,UK-824,Chennai,Night,one,Early_Morning,Hyderabad,Business,11.33,38,44144
Vistara,UK-802,Bangalore,Evening,one,Morning,Kolkata,Business,13.75,13,17
Vistara,UK-778,Delhi,Afternoon,one,Morning,Bangalore,Business,17.33,23,79766
Indigo,6E-2083,Delhi,UK-874,one,Morning,Kolkata,Economy,5.5,7,7908
Air_India,AI-440,Chennai,Early_Morning,one,Evening,Hyderabad,Economy,13.17,13,13758
Air_India,AI-673,Mumbai,Early_Morning,one,Night,Delhi,Economy,15.08,29,Morning
GO_FIRST,G8-336,Delhi,Afternoon,one,Bangalore,Chennai,one,8.0,34,4896
Vistara,UK-836,Chennai,Morning,one,253,Chennai,Economy,226,25,4637
Indigo,6E-6488,Kolkata,5129109,one,Night,Bangalore,4111,?,16,6489
Vistara,UK-776,Kolkata,,one,Late_Night,Delhi,Economy,3391257,46,6461
Vistara,UK-828,Chennai,Early_Morning,one,Afternoon,Delhi,Economy,7.5,22,5206
Vistara,UK-825,Mumbai,-399851,zero,-62,Chennai,Economy,2.08,23,6678
Vistara,UK-954,Mumbai,Early_Morning,one,one,Kolkata,Economy,14.42,26,6450
AirAsia,I5-1529,Delhi,Morning,zero,-4137654,Bangalore,Economy,2.83,41,4499
Air_India,AI-440,Chennai,Early_Morning,one,Afternoon,Kolkata,Business,8.33,46,55377
Air_India,AI-804,Bangalore,Early_Morning,one,Night,Chennai,Economy,17.83,47,6444
Air_India,AI-770,Chennai,Night,zero,Night,Chennai,Morning,2.5,9,6489
Air_India,AI-868,Delhi,Evening,one,Morning,Chennai,Economy,16.92,34,4251
SpiceJet,SG-8938,Delrl,Evening,one,Evening,Bangalore,Economy,23.08,39,3569
Air_India,AI-440,Chennai,-87,one,Afternoon,Kolkata,Business,30.33,5,55377
Air_India,AI-479,Delhi,Night,one,Afternoon,Mumbai,Economy,16.5,20,6724
AirAsia,I5-2472,Bangalore,Early_Morning,zero,Morning,Kolkata,Economy,2.5,45,3393
Vistara,UK-864,Bangalore,Evening,one,Early_Morning,Hyderabad,Night,12.83,12,7813
Air_India,AI-804,Bangalore,Early_Morning,one,9195930,Mumbai,Business,15.08,35,54684
AirAsia,I5-423,Mumbai,Afternoon,one,Night,Bangalore,Economy,7.5,11,5101
Indigo,6E-2336,Delhi,Early_Morning,one,8335048,Chennai,Economy,5.83,42,3996
Indigo,6E-426,Bangalore,Night,one,Late_Night,Hyderabad,Economy,5.83,22,3521
SpiceJet,SG-455,Mumbai,Air_India,one,Night,Kolkata,11,5.92,28,5915
Air_India,AI-441,Delhi,Evening,one,45,Kolkata,Vconomy,I5-974,18,6311
SpiceJet,SG-520,Chennai,Afternoon,one,Afternoon,Mumbai,Bangalore,23.58,38,6930
Vistara,UK-818,Bangalore,Evening,one,Early_Morning,Mumbai,Business,12.33,47,67004
Air_India,AI-401,Delhi,Early_Morning,one,Evening,destination_city,Economy,null,18,7360
Vistara,UK-810,Bangalore,Early_Morning,one,Evening,Hyderabad,Ecouomy,12.92,36,6262
Air_India,AI-516,Bangalore,Early_Morning,one,5155709,Mumbai,Business,16.33,28,29170
Vistara,UK-873,Mumbai,-2707161,one,"""""",Delhi,Business,6.33,9,41269
Air_India,AI-770,Kolkata,Night,one,Evening,Mumbai,Economy,19.92,31,8478
Vistara,UK-850,Bangalore,-7071817,one,Morning,Delhi,Busoness,12.67,48,50361
Vistara,UK-860,Hyderabad,Early_Morning,one,Night,Mumbai,Business,16.0,7,53947
Vistara,UK-858,Bangalore,Early_Morning,one,Morning,Kolkata,Economy,26.42,2,10849
Vistara,UK-836,Chennai,-1704785,one,Night,Mumbai,2150,12.0,39,5937
Indigo,6E-591,Hyderabad,Morning,one,Evening,Mumbai,Economy,7.42,44,1830
Vistara,UK-772,Kolkata,Morning,one,N/A,Delhi,Economy,7.67,45,6461
SpiceJet,SG-8709,Delhi,Evening,one,Early_Morning,Chennai,Economy,13.08,20,null
Vistars,UK-944,Mumbai,-5453232,one,Night,Kolkata,Business,8.08,33,72125
Vistara,UK-853,Mumbai,Afternoon,one,Night,Delhi,Business,5.58,26,53152
Air_India,AI-610,Bangalore,Evening,one,Early_Morning,Chennai,Economy,36.83,31,5148
Air_India,AI-651,Mumbai,Morning,one,Night,Kplkata,Economy,10.25,41,7237
Vistara,UK-963,Delhi,Morning,one,4717068,Bangalore,Buainess,12.08,11,57017
Vistara,UK-824,Chennai,Night,one,Morning,Bangalore,Economy,14.25,17,8414
Air_India,AI-439,Selhi,Early_Morning,one,Morning,Mumbai,Economy,26.0,43,3855
Indigo,6E-2005,Delhi,Morning,one,Afternoon,Chennai,Economy,5.42,43,2050
Vistara,UK-706,Kolkata,Morning,one,UK-878,Chennai,Economy,10.0,17,13014
Vistara,UK-808,Bangalore,Early_Morning,one,Afternoon,Mumbai,Economy,7.0,6,11205
Air_India,AI-502,Delhi,Afternoon,one,Vistara,Kolkata,"""""",15.75,14,57405
Indigo,6E-2076,Chennai,Early_Morning,one,Evening,Hyderabad,Economy,10.0,26,5399
Air_India,AI-539,Chennai,Evening,one,,Kolkata,Economy,21.5,4,17433
Air_India,AI-429,Delhi,Morning,one,Night,Hyderabad,Business,Evening,45,42546
Air_India,AI-619,Mumbai,Night,one,Morning,Delhi,I5-1543,12.75,4,9828
Vistara,UK-941,Delhi,Evening,one,Early_Morning,Hyderabad,Business,15.08,38,47217
Air_India,AI-546,Hyderabad,Night,one,Evening,Delhi,Business,22.58,49,42724
Vistara,UK-720,Kolkata,Early_Morning,one,Afternoon,Kolkata,Business,6.83,14,56991
Air_India,AI-868,Delhi,Evening,one,Early_Morning,destination_city,Economy,13.33,4,11520
Air_India,AI-672,Chennai,Afternoon,one,Early_Morning,Hyderabad,Econumy,16.33,41,3878
Vistara,UK-801,Mumbai,Afternoon,one,Night,Mumbai,Business,11.17,27,53164
Air_India,AI-544,Delhi,-93,one,Morning,Kolkata,Business,14.83,37,43376
Nistara,UK-860,Hyderabad,-9,one,Night,Mumbai,Economy,13.25,3,15268
GO_FIRST,G8-7536,Mumbai,Afternoon,one,Night,Delhi,Economy,10.17,41,3916
GO_FIRST,G8-789,Kolkata,Morning,one,Evening,Mumbai,Economy,8.75,46,Evening
Vistara,UK-834,Chennai,296,one,Evening,Kolkata,Business,Evening,43,57057
Air_India,AI-765,Kolkata,284,one,Evening,Mumbai,8.58,25.08,5,17738
Vistara,UK-801,gelhi,one,one,Night,jumbai,Business,NULL,9,53164
AirAsia,I5-721,Delhi,Night,one,G8-426,Kolkata,Economy,12.25,21,2480
Vistara,UK-950,Mumbai,Night,one,Evening,Chennai,Economy,18.42,24,4348
Indigo,6E-5001,Delhi,6E-224,zero,-5036368,Mumbai,Economy,2.17,26,one
GO_FIRST,G8-347,Kolkata,Early_Morning,one,Evening,Hyderabad,Economy,12.08,12,4262
Air_India,AI-507,Bangalore,Early_Morning,two_or_more,Evening,Delhi,Economy,-3956205,10,12007
AirAsia,I5-1426,Bangalore,Afternoon,two_or_more,208,Kolkata,Economy,10.33,4,5176
Air_India,AI-765,Kolkata,5010780,one,Morning,Mumbai,Economy,13.17,19,6368
GO_FIRST,G8-349,Mumbai,257,one,Evening,Delhi,Economy,7.5,13,?
GO_FIRST,G8-426,Hyderabad,Night,one,Morning,Bangalore,Economy,10.33,32,6256
Vistara,UK-878,Hyderabad,Afternoon,one,Morning,Delhi,Business,19.17,4,NULL
Vystara,UK-995,Delhi,Morning,one,-51,Hyderabad,Economy,21.5,17,5772
Indigo,6E-5369,Hyderabad,-82,zero,Evening,Mumbai,Economy,1.5,7,4926
Indigo,6E-6358,Hyderabad,Morning,zero,Afternoon,Kolkata,Economy,2.08,15,6133
Indigo,6E-668,Bangalore,Evening,one,7372977,Kolkata,4343136,5.0,45,2057
Vistara,UK-858,Bangalore,Early_Morning,one,Evening,Delhi,Business,13.08,12,?
Vistara,UK-738,Kolkata,Evening,one,Night,Chennai,Business,Delhi,20,55983
Vistara,UK-738,Kolkata,Evening,two_or_more,Early_Morning,Mumbai,Business,13.17,40,70543
Indigo,6E-5379,Mumbai,unknown,zero,Night,Chennai,Economy,2.08,19,3000
Air_India,AI-888,Mumbai,Evening,zero,Night,Delhi,N/A,2.25,12,22140
SpiceJet,SG-8903,Delhi,Morning,one,Afternoon,Kolkata,Economy,4.92,28,9510
GO_FIRST,G8-7547,Bangalore,-1108837,zero,Morning,Mumbai,Gconomy,1.67,16,4853
Vistara,UK-772,Kolkata,Morning,one,Late_Night,Delhi,Economy,642303,46,6461
Vistara,UK-955,Delhi,Evening,one,Evening,Mumbai,Economy,23.08,13,13830
Vistara,UK-738,Kolkata,Evening,one,Night,Bangalore,Economy,25.67,6,12389
Indigo,6E-332,Bangalore,Night,zero,Night,destination_city,Economy,-5086435,24,null
Air_India,AI-539,Chennai,Evening,one,Night,Mumbai,Economy,28.25,1,25833
Indigo,6E-2753,Delhi,2.08,one,Late_Night,Bangalore,Economy,-59,36,3354
Vistara,UK-776,Kolkata,Evening,one,Early_Morning,Hyderabad,?,6E-394,19,7572
GO_FIRdT,G8-325,Mumbai,Night,one,Morning,Hyderabad,Economy,9.67,23,3282
Air_India,AI-809,Mumbai,Morning,one,Evening,Hyderabad,Ecjnomy,9.33,20,4593
Vistara,UK-910,Mumbai,Evening,one,Morning,Bangalore,"""""",15.08,28,7135
Vistara,UK-826,Delhi,Economy,one,N/A,Bangalore,Business,20.33,37,44144
Vistara,UK-943,Delhi,-86,one,Evening,Kolkata,Economy,4097682,36,7221
Air_Ingia,AI-505,Bangalore,Morning,two_or_more,Night,Hyderabad,Economy,13.17,15,15679
Vistara,UK-898,Hydvrabad,Early_Morning,one,Afternoon,Delhi,Economy,6.5,46,5823
Vistaga,UK-828,Hyderabad,Early_Morning,one,Evening,Delhi,Economy,12.75,22,5606
Air_India,AI-559,Hyderabad,Early_Morning,one,226,Mumbai,Economy,6.33,10,7774
Vistara,UK-834,Chennai,Evening,one,Morning,Mumbai,unknown,18.17,46,4117
Inqigo,6E-375,Kolkata,Early_Morning,one,Morning,Bangalore,Economy,4.67,6,14301
Indigo,6E-822,Kolkata,Morning,zero,Afternoon,Bangalore,Economy,2.75,37,4022
Indigo,6E-379,Kolkata,Early_Morning,one,Morning,Hyderabad,Economy,5.25,22,5699
Air_India,AI-840,Hyderabad,Night,one,destination_city,Mumbai,Economy,26.58,10,10967
Air_India,AI-415,Delhi,Evening,one,Afternoon,Kolkata,Business,19.42,27,32347
Air_India,AI-809,Mumbai,Morning,one,Night,Kolkata,Economy,12.33,27,4977
Vistara,UK-836,Chennah,Morning,one,Evening,Hyderabad,Business,6.25,35,Delhi
Vistara,UK-815,Delhi,-9302739,zero,-2,Bangalore,Business,2.75,24,32859
Vistara,UK-811,Delhi,NULL,one,Morning,Mumbai,Economy,218,22,6296
SpiceJet,SG-520,Chennai,Afternoon,one,7459549,Bangalore,Economy,23.58,17,11170
GO_FIRST,G8-7562,Kolkata,Afternoon,one,Night,Delhi,Economy,11.0,31,6324
Air_India,AI-508,Hyderabad,Afternoon,one,Night,Hyderabad,Business,7.5,10,44583
Air_India,AI-676,Kolkata,Morning,zero,Afternoon,Mumbai,Economy,"""""",20,3723
Air_India,AI-888,Chennai,Evening,one,?,Bangalore,N/A,13.92,33,6082
GO_FIRST,G8-336,Mumbai,Evening,zero,unknown,Mumbai,Economy,2.25,39,2410
Air_India,AI-770,Kolkata,Night,one,Morning,Hyderabad,Economy,13.67,46,5.33
Vistara,UK-941,Delhi,Evening,one,Evening,Kolkata,Business,24.08,25,61049
Indigo,6E-541,Bangalore,Morning,one,Evening,Kolkata,Economy,-9867518,28,5178
Air_India,AI-611,Mumbai,Morning,one,Afternoon,Bangalore,Business,25.67,24,42546
Indigo,6E-269,Chennai,Morning,one,Evening,Mumbai,?,6.67,5,9820
Air_India,AI-503,Bangalore,Evening,one,Afternoon,Chennai,Business,18.83,43,60396
Cistara,UK-975,Drlhi,Early_Morning,one,-2972052,Kolkata,Business,13.92,46,73481
Air_India,AI-559,Hyderabad,Early_Morning,one,Evening,Kolkata,Business,12.67,33,51707
Vistara,UK-930,Mumbai,Early_Morning,one,Evening,Bangalore,Economy,unknown,34,7135
Indigo,6E-939,Mumbai,Morning,one,-4582580,Bangalore,Economy,7.83,12,7903
Indigo,6E-5307,Mumbai,Morning,one,Evening,Kolkata,Econjny,6.67,13,11088
Vistxra,UK-953,Delhi,Night,one,Morning,Chennai,Ecimomj,Indigo,20,4979
Vistara,UK-838,Mumbai,Night,zero,Night,Delhi,Economy,2.83,21,2327
Vistara,UK-910,Mumbai,Evening,one,Night,Chennai,Economy,26.67,41,5348
Indigo,6E-2026,Delhi,"""""",zero,Morning,Bangalore,,2.92,17,4500
Air_India,AI-738,Bangalore,Morning,one,Afternoon,Hyderabad,Business,24.58,11,37432
Vistara,UK-995,Delhi,Morning,one,NULL,Bangalore,Economy,10.58,31,4496
AirAsia,I5-1782,Bangalore,Night,one,Late_Night,Mumbai,Economy,5.67,17,5174
Vistara,UK-943,source_city,Early_Morning,one,Afternoon,Hyderabad,Economy,4.75,43,6172
Vistara,UK-776,Kolkata,Evening,one,Morning,Chennai,Mumbai,-15,47,7021
GO_FIRST,G8-424,Hyderabad,Morning,zero,Afternoon,Delhi,Economy,2.33,46,2276
Air_India,AI-569,Chennai,Early_Morning,one,Evening,selhi,Business,11.92,30,45185
Vistara,UK-827,Mumbal,?,one,one,Delhi,Business,12.75,41,51372
AirAsia,I5-2461,Chennai,Evening,zero,Evening,Chennai,Economy,1.17,36,1603
Air_India,AI-616,Hyderabad,"""""",one,Morning,Chennai,Business,26.5,19,N/A
GO_FIRST,G8-7548,Bangalore,Evening,one,Late_Night,Delhi,Economy,5.83,24,4028
Air_India,AI-804,Bangalore,Early_Morning,one,Night,Mumbai,Economy,16.0,48,6578
Vistara,UK-816,Bangalore,Morning,zero,Afternoon,Delhi,Economy,2.67,41,4502
Air_India,AI-748,Bangaloge,Late_Night,one,Night,Hyderabad,Business,18.58,32,44432
SpiceJet,SG-3027,Kolkata,Early_Morning,one,Evening,Mumbai,Economy,13.08,11,12738
Vistara,UK-996,Mumbai,"""""",one,Evening,Chennai,NULL,21.83,16,64173
Vistara,UK-899,Delhi,Afternoon,one,Morning,Mjmbai,Business,19.25,29,41281
Air_India,AI-9894,Chennai,4005639,two_or_more,Evening,Bangalore,Economy,34.0,7,
Vistara,UK-824,Chennai,Night,one,Morning,Kolkata,Busineds,13.17,43,54896
Air_India,AI-805,Delhi,Evening,one,Evening,Bangalore,Economy,22.5,14,7709
Vistara,UK-890,source_city,Evening,one,Morning,Bangalore,Business,15.0,37,63277
Vistara,UK-954,Mumbai,Early_Morning,one,Evening,Kolkata,Business,Kolkata,36,51405
Vistara,UK-706,Kolkata,NULL,two_or_more,Morning,Chennai,Economy,22.58,22,18305
Air_India,AI-765,Kolkata,Afternoon,one,Morning,Delhi,Business,18.25,46,48079
Vistara,UK-818,Bangalore,Evening,one,23,Hyderabad,Economy,21.33,22,6262
Air_India,AI-9645,Delhi,Afternoon,one,Afternoon,Mumbai,Economy,24.83,10,12298
Air_India,AI-573,Kolkata,Evening,one,Night,Delhi,"""""",5361309,30,57939
Vistara,UK-870,Hyderabad,Kolkata,one,Evening,Mumbai,Business,19.92,6,53947
Vistara,UK-927,Delhi,Morning,one,Early_Morning,Hyderabad,Business,22.33,14,46097
Vistara,UK-706,Kolkata,Morning,one,Evening,Hyderabad,Economy,6.75,30,10139
Air_India,AI-440,Chennai,Early_Morning,one,Night,Chennai,Business,17.42,29,51345
Air_India,AI-559,Hyderabad,Early_Morning,one,Night,Mumbai,Economy,15.67,33,4363
Indigo,6E-6326,Bangalore,Morning,zero,Afternoon,Chennai,Economy,1.17,31,1925
wirAsia,I5-1529,Drlhi,Morning,one,Evening,Chennai,Economy,7.83,21,1998
Vistara,UK-874,Hyderabad,-2439003,one,Late_Night,Mumbai,Business,15.67,41,51875
Indigo,6E-2083,Delhi,Early_Morning,one,N/A,Kolkata,Economy,5.5,12,5955
Vistara,UK-812,Bangalore,Morning,one,Night,Mumbai,Economy,11.5,11,11205
Air_India,AI-501,Bangalore,Afternoon,one,Night,Mumbai,Economy,31.42,14,14370
Vistara,UK-985,Delhi,3446,one,Evening,Kolkata,Economy,21.0,34,6578
Vistara,UK-985,Delhi,Evening,one,Early_Morning,Hyderabad,Economy,5031125,35,5772
Air_India,AI-840,Hyderabad,Night,one,Night,Kolkata,Business,25.5,18,51707
GO_FIRST,G8-506,Hyderabad,Night,one,-45,Kolkata,Economy,N/A,45,3763
Vistara,UK-833,qelhi,one,one,Afternoon,Mumbai,Business,7.33,38,63816
GO_FIRST,G8-520,Mumbai,Night,zero,Night,Kolkata,Economy,2.58,34,4499
Air_India,AI-770,Kolkata,Night,zero,Night,destination_city,Business,null,13,28510
Air_India,AI-537,Delhi,Evening,one,Morning,Mumbai,18.58,15.83,20,50969
Vystara,UK-858,Bangalore,Early_Morning,one,Evening,Delhi,Economy,11.42,19,4111
Air_India,AI-538,Chennai,Night,one,Night,Kolkata,Business,Mumbai,20,55377
Vistara,UK-708,Kolkata,Night,one,"""""",Hyderabad,Business,23.5,5,52175
Indigo,6E-2348,Delhi,Evening,zero,Night,Hyderabad,Economy,2.33,36,3013
Vistara,UK-708,Kolkata,Night,one,827192,Bangalore,Business,14.42,24,60978
Vistara,UK-854,Bangalore,N/A,one,Morning,Kolkata,Business,15.25,36,51817
Vistara,UK-876,Hydgrabad,Night,one,Morning,Bangalore,Economy,235,39,5441
Vistara,UK-828,Chennai,8.67,one,Evening,Delhi,Economy,-45,8,13998
Air_India,AI-541,source_city,Evening,one,Morning,Chennai,Economy,16.67,14,13168
GO_FIRST,G8-426,Kolkata,NULL,one,Morning,Mumbai,Economy,10.58,48,4165
Air_India,AI-610,Bangalore,NULL,one,Evening,Delhi,Business,24.0,47,42521
Vistara,UK-814,source_city,Night,one,Early_Morning,Mumbai,Economy,10.75,35,6568
Air_India,AI-864,Delhi,Early_Morning,one,Afternoon,Kolnata,Economy,7.5,40,4977
Vistara,UK-808,Bangalore,Early_Morning,one,Morning,Chennai,Economy,25.92,45,6161
GO_FIRST,G8-426,Kolkata,Night,one,Morning,Mumbai,Economy,11.83,11,4452
Vistara,UK-846,Fangalors,Morning,one,5136480,Delhi,Economy,-70,41,4111
Air_India,AI-442,Mumbai,Afternoon,one,Morning,Bangalore,Economy,17.5,49,6502
Indigo,6E-2474,Kolkata,Early_Morning,one,Morning,Hyderabad,Economy,6.42,17,6489
Vistara,UK-771,Mumbai,Early_Morning,zero,Morning,Kolkata,Economy,2.67,41,4499
Air_India,AI-763,Delhi,Early_Morning,two_or_more,Afternoon,Mumbai,Economy,5.83,15,13314
AirAsia,I5-336,Mumbai,Night,one,Morning,Chennai,Economy,12.33,39,1890
GO_FIRST,G8-7543,source_city,Afternoon,one,Night,Delhi,Economy,8.5,43,3466
AirAsia,I5-336,Mumbai,Night,one,Late_Night,Delhi,Economy,7.17,38,2336
Vistara,UK-817,Delhi,Evening,one,Night,Hyderabad,Economy,4.83,22,5761
Air_India,AI-559,Hyderabad,Early_Morning,one,Afternoon,Mumbai,Business,6.33,22,45883
Vistara,UK-834,Chennao,Evening,one,Morning,Bangalore,Business,null,7,60260
Indigo,6E-963,Delhi,Evening,one,Late_Night,Chennai,Economy,4.92,46,3389
Air_India,AI-503,Bangalore,Evening,one,Morning,Kolkata,Economy,18.08,45,6200
Air_India,AI-9891,Hyderabad,Evening,two_or_more,Morning,Mumbai,Economy,14.92,11,10967
Air_India,AI-636,Delhi,Afternoon,one,Evening,Mumbai,Economy,3.5,19,2476
Air_India,AI-542,Hyderabad,Afternoon,one,-97,Mumbai,Business,23.67,26,29954
Indigo,6E-886,Bangalore,-1950532,one,Evening,Delhi,Economy,?,41,5333
Indigo,6E-7208,Chennai,Morning,one,Afternoon,Hyderabad,N/A,4.83,34,?
Vistara,UK-970,source_city,Evening,one,-84,Chennai,Business,7.58,36,64173
Vistara,UK-671,Bangalore,Evening,one,Evening,Mumbai,unknown,26.08,48,44081
Air_India,AI-526,Kolkata,Evening,one,Morning,Delhi,Economy,14.0,23,6244
GO_FIRST,G8-792,nolkata,Evening,one,-9013390,Mumbai,Economy,,14,7958
Vistara,UK-705,Delhi,Early_Morning,one,Night,Hyderabad,Economy,12.83,19,7785
Air_India,AI-671,Mumbai,Morning,one,Morning,Kolkata,Economy,25.83,26,6085
GO_FIRST,G8-385,Bangalore,Early_Morning,one,Afternoon,Delhi,Economy,8.83,42,4028
Vistara,UK-810,Bangalore,Early_Morning,one,Evening,Mumbai,Economy,9.5,44,NULL
Vistara,UK-673,Delhi,Afternoon,one,Evening,Mumbai,7487,5.0,20,4968
GO_FIRST,G8-505,Hyderabad,Afternoon,one,Morning,Kolkata,Economy,20.67,49,5699
Vistara,UK-975,Bangalore,Early_Morning,one,Evening,Bangalore,Business,-33,14,8.83
Air_India,AI-806,Mumbai,Early_Morning,one,?,Chennam,Econoiy,15.58,33,4417
GO_FIRST,G8-103,Delhp,Evening,zero,Night,Kolkata,Econoky,2.33,34,3999
Vistara,UK-849,Mumbqi,Evening,one,9620825,Delhi,Economy,6.25,44,6122
Vistara,UK-870,Hyderabad,Night,one,Morning,Mumbai,Business,14.58,5,60555
GO_FIRST,G8-102,Kookdta,Afternoon,one,Night,Bangalore,Economy,7.08,28,6488
Air_India,AI-762,Hyderabad,Night,one,Night,Hyderabad,Economy,25.0,7,13200
Indigo,6E-345,Kolkata,Morning,zero,Afternoon,Bangalore,Economy,-56,20,3862
Air_India,AI-840,Hyderabad,Night,one,9273284,Bangalore,Business,15.42,32,56590
Indigo,6E-7583,Kolkata,Afternoon,one,Night,Hyderabad,Economy,7.75,42,4696
Air_India,AI-698,Hyderabad,Night,one,-2889919,Delhi,Economy,20.0,40,4387
Vistara,UK-824,Kolkata,Night,zero,Night,Mumbai,Business,2.08,6,23838
Air_India,AI-525,Hyderabad,-9945593,one,Night,Chennai,Economy,15.33,19,6747
Vistara,UK-852,Mumbai,Afternoon,two_or_more,Night,Chennai,Economy,10.58,49,7806
Indigo,6E-2514,Bangalore,7.83,zero,Evening,Delhi,Efonomy,2.83,1,Economy
AirAsia,I5-1531,Chennai,Night,one,Morning,Hyderabad,Economy,10.75,29,1550
Vistara,UK-878,Hyderabad,Afternoon,one,Evening,Delhi,Economy,5.17,10,12013
GO_FIRST,G8-803,Delhi,Evening,one,Night,Delhi,Economy,4.67,22,7474
Air_India,AI-676,Kolkata,Morning,one,Evening,Bangalore,Economy,226,17,6932
Vistara,UK-876,Hyderabad,Night,one,Evening,Delhi,Economy,19.33,40,5892
Vistara,UK-849,Mumbai,Evening,one,Morning,Hyderabad,Economy,15.58,16,3334
GO_FIRST,G8-537,Kolkata,Evening,one,Late_Night,Mumbai,Economy,9.58,32,6268
AirAsia,I5-2462,Chennai,Night,one,Morning,Hyderabad,Economy,10.17,49,1550
Vistara,UK-778,Kolkata,Afternoon,zero,Evening,Delhi,Economy,2.42,33,4001
Aid_India,AI-9891,Hyderabad,Evening,one,Night,Delhi,Economy,4.75,37,5410
AirAsia,I5-1529,Delhi,Morning,one,Late_Night,numbai,Economy,15.0,42,2409
Vistara,UK-928,Mumbai,Early_Morning,one,-555972,Chennai,Economy,9.83,17,Business
SpiceJet,SG-531,Bangalore,9601922,one,Night,Kolkata,Economy,10.83,25,4814
Air_India,AI-560,Delhi,Morning,zero,Morning,Hyderabad,Business,2.33,22,23944
Air_India,AI-809,Mumbai,-74,one,Evening,Hyderabad,Eeoiomy,9.33,18,4593
GO_FIRST,G8-320,Bangalore,Evening,one,Early_Morning,Delhi,one,11.5,31,6186
GO_FIRST,G8-7549,Delhi,Afternoon,one,Late_Night,Bangalore,Economy,8.58,35,3568
Vistara,UK-930,Mumbai,N/A,one,Night,Bangalore,Business,Delhi,33,Economy
AirAsia,I5-996,Bangalore,Evening,zero,Night,Delhi,null,2.83,42,Morning
Vistara,UK-853,Mumbai,Afternoon,one,Night,Delhi,16.92,6.42,23,53152
Air_India,AI-9843,Delhi,Early_Morning,one,Afternoon,destination_city,Kolkata,9.75,29,3291
AirAsia,I5-620,Mumbai,Early_Morning,one,Morning,Bangalore,null,3.67,47,2074
Air_India,AI-507,Kolkata,Early_Morning,one,Morning,Mumbai,Business,unknown,17,39623
AirAsia,I5-722,Hyderabad,Late_Night,one,Early_Morning,Bangalore,Economy,6.08,47,2203
Vistara,UK-953,Delhi,Night,one,Evening,Kolkata,Economy,20.17,23,7910
Vistara,UK-870,Hyderabad,Night,one,Night,Mumbai,Business,23.5,23,60555
Indigo,6E-2474,Kolkaea,Early_Morning,one,Morning,Hyderabad,N/A,6.42,32,3401
Vistara,UK-875,Delhi,Evening,zero,Night,Delhi,Bangalore,1.58,47,3450
Air_India,AI-729,Kolkata,null,one,7860720,Delhi,Economy,8.83,20,5093
Vistara,UK-810,Bangalore,Early_Morning,one,Evening,Chennai,Business,9.33,6,60396
Air_India,AI-505,Delhi,Morning,two_or_more,Evening,Kolkata,Economy,8.75,9,15259
Air_India,AI-515,Hyderabad,Morning,one,244,Mumbai,Business,-1257086,32,32420
Air_India,AI-559,Hydesabad,Early_Morning,one,?,Mumbai,,269,34,4783
AirAsia,I5-710,Delhi,Evening,one,Night,Bangalore,Economy,11.58,40,3090
Indigo,6E-711,Chennai,Afternoon,one,Evening,Hyderabad,Economy,27,4,9146
Vistara,UK-873,Mumbai,Economy,one,Night,Delhi,Business,16.5,35,41269
Vistara,UK-874,Hyderabad,Morning,one,Late_Night,Delhi,Business,15.67,8,51875
GO_FIRST,G8-119,Delhi,Evening,one,Late_Night,Hyderabad,Scobkmb,5.42,17,5657
Air_India,AI-804,Bangalore,Early_Morning,one,Evening,Chennai,Economy,12.83,42,6444
GO_FIRST,G8-426,Hyderabad,Afternoon,one,Morning,Hyderabad,Economy,Hyderabad,22,4165
Air_India,AI-401,Delhi,Early_Morning,one,Night,Hyderabad,Business,14.42,2,54128
SpiceJet,SG-3440,Mumbai,Afternoon,one,null,Kolkata,Economy,27.92,2,7728
Vistara,UK-874,Hyderabad,Hyderabad,one,Evening,Kolkata,Economy,9.58,38,9711
Vistara,UK-870,Hyderabad,Night,one,Night,Bangalore,Business,24.0,46,56702
Air_India,AI-423,Delhi,-1412275,one,Night,Bangalore,Economy,16.0,27,8781
Vistara,UK-814,Bangalore,Night,one,Kolkata,Chennai,Economy,-16,28,6161
Air_India,AI-402,Kolkata,-42,one,Evening,Hyderabad,Economy,unknown,17,6587
Vistara,UK-890,Hyderabad,Evening,one,Morning,Mumcai,Business,16.08,40,60555
Vistara,UK-830,Hyderabad,Morning,two_or_more,Night,Bangalore,Economy,-4733602,28,6461
Indigo,6E-6223,Mumbai,Afternoon,one,Night,Kolkata,Economy,4.42,27,4772
Vistara,UK-706,Kolkata,Morning,one,null,Mumbai,Economy,9.83,47,Mumbai
Vistara,UK-945,Delhi,Morning,one,-4029197,Mumbai,Economy,9.25,15,5772
Air_India,AI-867,Mumbai,241,one,Evening,Bangalore,Eclnomj,18.75,44,6502
Vistara,UK-863,Mumbai,Morning,one,Night,Hyderabad,Economy,8109067,42,3334
Vistara,UK-774,Kolkata,Night,one,Evening,Delhi,Business,null,18,66063
Vistara,UK-637,Delhi,Evening,one,Evening,Bangalore,Business,-36,14,45033
Indigo,6E-2348,Delhi,Evening,one,Late_Night,Bangalore,AI-763,5.58,20,3671
Indigo,6E-6219,Chennai,Morning,one,Afternoon,Delhi,Economy,205,11,8523
Indigo,6E-394,Kolkata,?,one,Night,Delhi,Economy,one,43,4439
Indigo,6E-893,Kolkata,Morning,one,Evening,Mumbai,Economy,7.33,45,3381
Indigo,6E-2103,Mumbai,Evening,one,Night,Kolkata,Economy,6.08,48,3980
Indigo,6E-5001,Delhi,Early_Morning,one,Afternoon,Kolkata,Economy,8.33,1,15720
Vistara,UK-981,Delhi,214,one,Evening,Kolkata,Business,19.0,11,65529
Indigo,6E-6212,Bangalore,Morning,one,Evening,Kolkata,Economy,6.25,20,5178
AirAsia,I5-1531,Chennai,Night,one,Morning,Kolkata,Economy,11.0,38,2361
AirAsia,I5-2461,Chennai,-428654,one,Morning,Delhi,Economy,6057680,46,2477
Air_India,AI-867,Mumbai,Night,one,Night,Hyqerabad,Chennai,26.08,16,4593
Air_India,AI-669,Kolkata,Morning,one,Afternoon,Hyderabad,Economy,24.42,4,10668
Vistara,UK-940,Mumbai,Evening,one,Night,Bangalore,Business,26.92,2,90644
Vistara,UK-963,Delhi,Morning,one,Night,Chennai,Economy,14.25,14,11520
Air_India,AI-762,Delhi,Night,one,47,Hyderabad,Business,-3142096,29,47408
Vistara,UK-958,Mumbai,Afternoon,one,Evening,Kolkata,Economy,5.67,18,5949
Vistara,UK-870,Hyderabad,Night,one,Morning,Chennai,Business,13.33,22,51707
GO_FIRST,G8-304,Chennai,Afternoon,one,unknown,Delhi,Economy,9.75,36,4827
GO_FIRST,G8-7533,Delhi,Afternoon,one,Evening,Delhi,Economy,6.17,35,12.75
Vistara,UK-834,Chennai,Evening,one,Evening,Hyderabad,Business,26.75,32,51457
Indigo,6E-2178,Delhi,Early_Morning,one,Afternoon,Kolkata,Economy,8.75,13,5955
AirAsia,I5-1564,Bangalore,Early_Morning,one,Evening,Kolkata,Economy,12.92,49,N/A
Indigo,6E-6245,Delhi,Chennai,one,?,Mumbai,Ezonoky,6.0,47,2410
GO_FIRST,G8-339,Mumbai,Evening,one,?,Kolkata,Economy,"""""",45,5817
Viftara,UK-850,Bangalore,12,one,Evening,Kolkata,Business,24.0,28,51817
Indigo,6E-131,Kolkata,Early_Morning,one,Morning,Kolkata,Economy,4.25,18,5178
Vistara,UK-772,Kolkata,-2437340,one,Late_Night,destination_city,Business,14.5,9,
Indigo,6E-6339,Bangalore,Early_Morning,one,Morning,Kolkata,N/A,Mumbai,38,3446
Air_India,AI-423,Delhi,Early_Morning,one,-3530865,Kolkata,Business,5.08,46,27976
Vistara,UK-826,Chennai,one,one,Night,Delhi,Business,-9,32,76612
Air_India,AI-864,Mumbai,Early_Morning,one,Evening,Kolkata,Economy,,24,4556
Vistara,UK-816,Bangaljre,Morning,one,Night,Hyderabad,Economy,11.42,22,6133
Vistara,UK-828,Chennai,Early_Morning,one,Evening,Delhi,2.33,-28,26,5206
Vistara,UK-954,Mumbai,Early_Morning,one,Evening,Hyderabad,Business,11.0,11,45805
Air_India,AI-9876,Bangalore,Afternoon,one,Early_Morning,Chennai,Economy,16.75,18,5547
Vistara,UK-816,Bangalore,Morning,one,7404986,Mumbai,Business,10.5,19,74844
Indigo,6E-5175,Delhi,Morning,one,Afternoon,Chennai,Economy,6.67,19,5918
GO_FIRST,G8-7548,Chennai,Evening,zero,Night,Mumbai,Economy,1.67,44,2201
Vistara,UK-816,Bangalore,Morning,one,Night,Mumbai,Economy,12.33,28,6568
Vistara,UK-778,Kolkata,Afternoon,one,UK-708,Hyderabad,NULL,21.25,27,6075
Air_India,AI-541,Hyderabad,null,one,Morning,Mumbai,Business,17.92,26,45883
Air_India,AI-505,Bangalore,Morning,one,Morning,destination_city,Economy,22.5,18,6024
Vistara,UK-953,Delhi,Night,one,Morning,Bangalore,Economy,12.17,10,11415
Vpstara,UK-993,Kolkata,Afternoon,one,Early_Morning,Hyderabad,Business,3054463,46,51697
Incigo,6E-847,Chennai,Evening,one,Night,Kolkata,Economy,5.0,33,3280
Air_India,AI-573,Hyderabad,-982848,one,Morning,destination_city,Economy,14.67,16,8104
Distctw,UK-659,Hyaerzbad,Morning,one,Night,Mumbai,Economy,9.08,15,14962
Air_India,AI-430,Chennai,6E-841,one,NULL,Mumbai,Business,null,12,49553
Vistara,UK-988,Mumbai,Night,one,Night,Chennai,Business,23.33,9,61933
Air_India,AI-539,Bangalore,-9412750,one,Evening,Mumbai,Business,27.0,6,78550
Vistara,UK-874,Hyderabad,Morning,one,Night,Bangalore,Economy,-87,5,7927
Vistara,UK-850,Bangalore,Evening,one,Night,Hyderabad,Business,25.0,33,37985
Inqigo,6E-6597,Kolkata,Night,one,Morning,Chennai,Economy,8.5,45,3015
Indigo,6E-157,Hyderabad,Early_Morning,one,Morning,Bangalore,Economy,5.42,16,2737
Air_India,AI-505,Bangalore,Morning,one,Evening,Mumbai,Economy,7.58,42,6158
GO_FIRST,G8-7556,Hyderabad,Afternoon,one,Night,Bangalore,Economy,5.92,38,6256
Vistara,UK-851,Mumbai,Early_Morning,one,245,Delhi,Economy,7.17,18,6122
Vistara,UK-707,Delhi,Evening,zero,Evening,Kolkata,Economy,2.08,5,6690
Air_India,AI-679,Mumbai,Morning,one,Evening,Cjennai,Economy,5.83,31,null
Air_India,AI-440,Chennai,-7,one,NULL,Hyderabad,Economy,-10,6,15963
Air_India,AI-683,Hyderabad,Night,one,231,Hyderabad,Economy,24.08,39,4447
Indigo,6E-6212,Bangalore,Morning,one,Afternoon,Mumbai,Economy,4.17,16,5337
Vistara,UK-834,Chennai,Evening,zero,Evening,Delhi,Business,-98,11,27792
Vistara,UK-870,Hyderabad,Night,one,Morning,Bangalore,Business,12.08,22,56702
Vistara,UK-928,Mumbai,Early_Morning,one,Night,Bangalore,Business,?,19,62448
Air_India,AI-573,Bangalore,Afternoon,two_or_more,Evening,Hyderabad,Early_Morning,30.5,9,14936
Vistara,UK-850,uangalore,Evening,one,Morning,Delhi,Business,13.75,36,65033
GO_FIRST,G8-306,Mumbai,Morning,one,Evening,qelhi,Economy,9.33,12,5942
SpiceJet,SG-3831,Hyderabad,Evening,one,Late_Night,Kolkata,Economy,8.33,15,5292
Zir_Indiz,AI-543,Hyderabad,Morning,one,Night,Mumbai,Economy,11.83,46,4363
AirAsia,I5-360,Kolkata,-85393,zero,Morning,Chennai,Eclnomy,2.33,47,2966
Indigo,6E-6067,Bangalore,Evening,one,Late_Night,Delhi,Economy,?,35,4704
Vistara,UK-874,Hyderabad,Morning,one,Morning,Bangalore,Business,26.25,31,38099
SpiceJet,SG-4417,Mumbai,Evening,one,Morning,Delhi,Economy,14.83,35,3509
Vistara,UK-953,Delhi,Night,one,Early_Morning,Bangalore,Economy,11.17,34,4272
Vistara,UK-963,Delhi,Morning,one,45033,Bangalore,Economy,null,10,10785
AirAsia,I5-722,Bangalore,Air_India,zero,236,Mumbai,Economy,2.83,48,4498
Indigo,6E-6016,Chennai,Evening,zero,Night,Yookata,Economy,2.17,23,unknown
Indigo,6E-917,Chennai,Afternoon,one,Night,Delhi,Economy,5.08,24,3857
Indiyk,6E-2162,Delhi,269,zero,Night,Chennai,Economy,-38,4,7425
Vistara,UK-720,Kolkata,Early_Morning,one,Afternoon,Hyderabad,Business,5.42,22,52175
Vistara,UK-866,Bangalore,unknown,zero,Bangalore,Mtmbwi,Economy,1.75,39,2150
Vmstarq,UK-954,Mumbai,Early_Morning,one,Evening,Kolkata,Business,12.08,16,49725
AirAsia,I5-1576,Bangalore,Early_Morning,one,Afternoon,Kolkqta,Economy,5.33,10,11205
AirAsia,I5-1543,Hyderabad,,one,Late_Night,Chennai,Economy,-5364636,42,2056
Air_India,AI-541,Hyderabad,Evening,one,Morning,Mumbai,Business,-8928290,42,45883
Air_India,AI-440,Chennai,Early_Morning,one,Night,Hyderabad,Business,17.42,32,51345
Vistara,UK-986,Mumbai,Night,one,Morning,Kolkata,Economy,9.83,26,5949
Indigo,6E-5217,Mumbqi,Evening,one,12938,Bangalore,Economy,6.33,19,6611
Vistara,UK-928,Mumbai,Early_Morning,one,Night,Bangalore,Business,16.17,46,62448
Air_India,AI-559,Hyderabad,Early_Morning,zero,Morning,Delhi,Economy,2.5,40,2276
Indigo,6E-2247,Delhi,Morning,one,-1736932,Chennai,Economy,9.08,33,3389
Vistara,UK-832,Chennai,Early_Morning,one,Night,Mumbai,Economy,1016623,32,UK-826
Indigo,6E-574,Mumbai,Evening,zero,Night,Kolkata,Economy,1.83,12,5943
Air_India,AI-687,Mumbai,Afternoon,one,Night,Hyderabad,Economy,7.58,7,7584
Vistara,UK-808,Bangalore,Early_Morning,one,Night,Mumbai,null,15.83,29,67004
Vistara,UK-832,Chennai,Early_Morning,one,,Hyderabad,Business,15.83,47,51457
Indigo,6E-2013,Delhi,Early_Morning,one,Morning,Mumbai,one,6.58,22,3608
Vjstara,UK-928,Mumbai,Early_Morning,one,Night,Bangalore,Business,24,29,62448
Indigo,6E-939,Mumbai,Morning,one,Evening,Delhi,Economy,7.83,19,4809
Vistara,UK-824,Chennai,Night,one,Evening,Bangalore,Economy,4475420,34,4755
Air_India,AI-636,Delhi,Afternoon,one,Air_India,Kolkata,11520,9.17,22,6311
Vistara,UK-826,Mumbai,Afternoon,one,Early_Morning,Hyderabad,Economy,19.33,44,5483
Indigo,6E-514,Hycerabad,Afternoon,zero,Afternoon,Chennai,Economy,201,27,1788
GO_FIRST,G8-300,Delhi,8283464,one,Night,Hyderabad,Economy,14.67,31,6460
Vistara,UK-940,Mumbai,Evening,one,Night,Chennai,Econpmy,24.5,41,5348
Vistara,UK-985,Delhi,Evening,one,Morning,Kolkata,15.58,13.83,32,6821
Vistara,UK-993,Delhi,Afternoon,one,Evening,Bangalore,Business,7.08,45,57992
Indigo,6E-6467,Mumbai,Indigo,one,Evening,Mumbai,Vistara,6.08,16,10.75
Vistara,UK-774,Kolkata,6085,one,Evening,Chennai,Economy,23.33,37,Kolkata
GO_FIRST,G8-211,Delhi,Morning,one,Night,iumbai,Economy,11.33,27,5087
Indigo,6E-512,Kolkata,Afternoon,one,Evening,Kolkata,Economy,4.5,37,4505
Vistara,UK-834,Chennai,Evening,one,Night,Mumbai,Economy,6.67,19,10489
Indigo,6E-236,Muibai,Evening,one,-6174272,Kolkata,Economy,6.58,8,9881
Vistara,UK-836,Chennai,Morning,two_or_more,202,Kolkata,Economy,10.17,30,6432
Indigo,6E-7175,source_city,Afternoon,one,Night,Mumbai,Economy,7.33,25,7959
Vistara,UK-834,Chennai,Evening,one,-6486271,Mumbai,Economy,16.33,49,4761
Vistara,UK-708,Kolkata,,one,Morning,Bangalore,Economy,N/A,10,11853
Vistara,UK-930,Mumbai,Early_Morning,zero,Morning,Delhi,Economy,2.17,8,5943
Vistara,UK-822,Chennai,unknown,one,Night,Delhi,Economy,13.25,9,13023
Indigo,6E-6891,Kolkata,Morning,one,Evening,Delhi,15794,7.42,25,6489
Air_India,AI-683,Mumbai,Night,one,Evening,Delhi,Econikg,19.75,17,Night
Indigo,6E-5175,Bangalore,Morning,zero,Afternoon,Bangalore,Economy,2.92,24,4500
Indigo,6E-2001,Delhi,Afternoon,one,Night,Kolkata,Economy,5.33,16,5955
Indigo,6E-149,Hyderabad,Morning,one,Afternoon,Kolkata,Economy,5.42,20,5293
Vistara,UK-778,Kolkata,Afternoon,one,Evening,Hyderabad,Economy,28.58,43,5760
Indigo,6E-345,Kolkata,Morning,one,?,Chennai,Economy,6.67,29,5280
Air_India,AI-440,Chennai,8964765,one,Night,Mumbai,Business,15.42,29,49553
Air_India,AI-747,Kolkata,Night,one,Afternoon,Delhi,Economy,unknown,12,14889
Indigo,6E-605,Chennai,Afternoon,one,450195,Hyderabad,Economy,4.75,18,2862
Air_India,AI-607,Mumbai,Evening,one,Evening,Kolkata,Economy,-737094,33,5595
Vistara,UK-996,Mumbai,Evening,one,Morning,Chennai,Ecoiomy,15.42,26,Hyderabad
Vistara,UK-878,Chennai,Afternoon,one,Evening,Bangalore,Business,6.33,16,I5-1529
Vistara,UK-822,Chennai,Morning,two_or_more,Morning,Hyderabad,Economy,23.33,42,6015
Air_India,AI-543,Hyderabad,Morning,one,Late_Night,Bangalore,Economy,12.83,13,14428
AirAsia,I5-1528,Delhi,Early_Morning,one,Night,Mumbai,Economy,16.08,13,7373
Viwtara,UK-941,Delhi,Evening,one,Night,Chennai,Economy,6.33,8,11520
Vistara,UK-830,Hyderabad,Morning,two_or_more,Night,Bangalore,Economy,10.08,35,6776
Air_India,AI-804,Bangalore,Early_Morning,one,Night,Mumbai,Business,16.42,47,54684
Vistara,UK-774,Kolkata,Night,one,Early_Morning,Hyderabad,Business,11.25,14,49207
Vistara,UK-772,Kolkata,6510373,two_or_more,Afternoon,Hyderabad,Economy,25.83,38,7834
AirAsia,I5-775,Delhp,Afternoon,one,Evening,Hyderabad,Economy,6.67,26,2050
Vistara,UK-876,Hyderabad,null,one,Morning,Chennai,Business,11.25,41,41314
Vistara,UK-822,Chennai,Morning,one,Night,Delhi,Business,13.25,29,57920
Vistara,UK-808,Bangalore,Early_Morning,one,Evening,Kolkata,Business,10.08,42,60508
Vistara,UK-838,Chennai,-6691934,one,Evening,Hyderabad,Business,19.92,7,80544
Vistara,UK-772,Kolkata,Morning,one,Late_Night,Chennai,Business,14.5,11,61695
Vistara,UK-950,Mumbai,9591518,one,Afternoon,Hyderabad,Business,14.67,14,58125
Air_India,AI-636,Denhi,Afternoon,one,Night,Hyderabad,Economy,5.67,45,Evening
Air_India,AI-685,Mumbai,Early_Morning,one,Evening,Delhi,Economy,11.67,39,9083
Vistara,UK-832,Chennai,Early_Morning,one,Night,Hyderabad,Vistara,15.83,48,51457
Air_India,AI-867,Mumbai,Night,one,NULL,Hyderabad,Busyness,one,41,45693
Vistara,UK-898,Hyderabad,Early_Morning,one,Night,Mumbxi,Economy,15.75,43,3471
Vistara,UK-817,Delhi,Evening,one,Night,Mumbai,Economy,5.75,42,6296
Indigo,6E-6206,Mumbai,Delhi,one,Evening,Chennai,Economy,7.0,47,1890
Indigo,6E-2474,Kolkata,Early_Morning,one,Afternoon,Bangalore,Economy,7.67,23,7466
Air_India,AI-9891,Hyderabad,Evening,two_or_more,4343136,Mumbai,Economy,17.08,32,""""""
Vistara,UK-816,Hyderabad,Morning,one,N/A,Kolkata,Business,6.58,16,60508
GO_FIRST,G8-345,Mumbai,Night,one,Morning,Hyderabad,Economy,213,26,3916
Air_India,AI-774,Mumbai,Night,one,Night,Bangalore,Business,23.92,15,55982
Air_India,AI-867,Bangalore,Night,one,Morning,Bangalore,Business,11.42,24,54608
Air_India,AI-865,Delhi,Morning,one,Night,Hyderwbad,Economy,10.92,42,4209
AirAsia,I5-1540,Bangalore,Evening,one,Late_Night,Delhi,Economy,,48,2723
Vistara,UK-870,Kolkata,unknown,one,Evening,Bangalore,Economy,20.42,31,6461
GO_FIRST,G8-334,Mumbai,Early_Morning,one,?,Kolkata,Economy,15.58,26,5954
GO_FIRST,G8-2411,Mumbai,Evening,one,Night,Delhi,null,5.25,38,6194
Vistara,UK-772,Kolkata,Morning,one,,Delhi,Business,12.58,49,66063
Air_India,AI-763,Kolkdta,Early_Morning,one,Night,Bangalore,Business,13.08,35,60978
AirAsia,I5-1569,Mumbai,Night,one,Morning,Hyderabad,Economy,11.42,47,2105
Vistara,UK-858,Bangalore,Early_Morning,one,Afternoon,Delhi,Business,7.83,46,42521
Air_India,AI-774,Mumbai,Night,one,296,Hyderabad,Economy,24.33,35,5725
Vistara,UK-902,Mumbai,Afternoon,one,Morning,Kolkata,Business,17.83,23,72125
Air_India,AI-683,Mumbai,Night,one,unknown,Delhi,Economy,24.92,5,14501
Air_India,AI-543,Hyderabad,Morning,one,Morning,Chennai,Business,21.58,16,""""""
Vistara,UK-850,Bangalore,Evening,one,Morning,Kolkata,Business,13.75,14,51817
Vistara,UK-852,Mumbai,Morning,one,one,Delhi,Economy,10.25,27,4796
GO_FIRST,G8-345,Munbai,5906448,one,-80,cangalore,null,11.67,23,5102
Vistara,UK-860,Hyderabad,Early_Morning,one,Night,Bangalore,Business,15.83,19,56702
Vistara,UK-811,Delhi,Early_Morning,one,Morning,Hyderabad,Economy,27.17,26,5761
Vistara,UK-826,Chennai,Afternoon,one,Late_Night,Delhi,Business,6582837,41,45600
Air_India,AI-864,Mumbai,Early_Morning,one,Afternoon,Kolkata,Ecokomy,7.5,32,4977
GO_FIRST,G8-391,Mumbai,Afternoon,one,Night,Bangalowe,Economy,7.92,11,5102
Vistara,UK-655,Mumbwi,Morning,one,?,Delhi,Economy,5.25,30,4769
Air_India,AI-610,Bangalore,Evening,one,unknown,Hyderabad,Business,26.42,4,NULL
AirAsia,I5-510,Hyderabad,Early_Morning,zero,Morning,Chennai,Economy,1.25,25,1544
SpiceJet,SG-8702,Hyderabad,Morning,one,Morning,Kolkata,Economy,22.83,40,5818
Vistara,UK-860,Delhi,Early_Morning,one,Night,Chennai,Busintss,15.92,25,51707
Vistara,UK-943,Delhi,3061200,one,Afternoon,Hyderabad,Economy,NULL,18,6172
Vistara,UK-874,Bangalore,Morning,one,Night,Chennai,UK-874,11.75,8,18202
GO_FIRST,G8-351,Mumbai,Morning,one,Evening,Delhi,Economy,8.0,20,NULL
Air_India,AI-9720,Kolkata,Early_Morning,two_or_more,Evening,Mumbai,Economy,12.25,8,11691
Vistara,UK-826,Chejnai,Afternoon,one,-2079560,Delhi,Economy,21.17,17,7344
Indigo,6E-5214,Mumbai,Morning,one,Evening,Chennai,Economy,6000465,2,12348
Vistara,UK-708,Kolkata,Night,one,6634763,Chennai,Economy,23.5,11,15990
AirAsia,I5-740,Delhi,Early_Morning,one,Night,Mumbai,Economy,3381,49,2409
Indigo,6E-944,Hyderabad,14.83,zero,Night,Kolkats,Economy,2.08,9,7813
Vistara,UK-859,Delhi,Morning,zero,Afternoon,Hyderabad,Business,2.17,25,24056
GO_FIRST,G8-304,Chennai,Afternoon,one,5441,Kolkata,Economy,1172650,15,12779
Indigo,6E-841,Bangalore,8335048,one,-9584895,Mumbai,Economy,7.33,30,4554
Vistara,UK-951,Delhi,Afternoon,one,Night,Bangalore,Business,8.5,37,NULL
GO_FICWT,G8-505,Chennai,Evening,zero,Evening,Hyderabad,Economy,1.25,15,4201
Air_India,AI-808,Bangalore,,one,Evening,Hyderabad,Business,NULL,22,56476
Vistara,UK-706,Kolkata,Morning,two_or_more,Indigo,Bangalore,Economy,10.17,43,8111
Vistara,UK-945,qelhi,Morning,one,Evening,Chennai,Economy,8.25,5,11520
Vistara,UK-981,Mumbai,Night,one,Morning,Chennai,Economy,14.17,49,source_city
Vistara,UK-838,Chennai,Night,one,Morning,Bangalore,Business,-35,34,60260
Air_India,AI-808,Bangalore,Night,one,Evening,Mumbai,Economy,1672261,17,6158
Vistara,UK-846,Bangalore,Morning,one,Evening,destination_city,Business,211,11,51817
Indigo,6E-6214,Kolkata,Morning,one,Evening,Hyderabad,Economn,7.33,46,3401
Air_India,AI-506,Delhi,Morning,zero,Afternoon,Bangalore,Economy,2.75,36,4427
Air_India,AI-687,Mumbai,Afternoon,one,Morning,Bangalore,Economy,16.92,24,6082
Indigo,6E-879,Jbderabad,Morning,one,Evening,Kolkata,Vistara,8.33,12,4453
Vistara,UK-928,Mumbai,Early_Morning,one,Night,Kolkata,Business,16.25,9,one
Vistara,UK-613,Mumbai,Afternoon,one,Evening,Delhi,Economy,4.5,11,N/A
Air_India,AI-442,Mumbai,46032,one,-6716851,Kolkata,Business,225,45,49725
Air_India,AI-770,Kolkata,Night,one,Morning,Bangalore,Economy,Evening,18,Afternoon
SpiceJet,SG-254,Kolkata,Evening,one,Morning,Mumbai,Economy,15.58,48,5934
Vistara,UK-841,Mumbai,Morning,one,Evening,Delhi,Economy,5.67,23,14658
Air_India,AI-9501,Mumbai,Early_Morning,one,Night,Delhi,Economy,4165,20,6241
Vistara,UK-880,Hyderabad,Afternoon,one,Night,Chennai,Business,9.67,25,77355
Aif_India,AI-485,Delhi,Early_Morning,one,Morning,Kolkata,cconomy,29.17,4,24163
Vistara,UK-778,Kolkata,Afternoon,one,227,Mumbai,Business,6.67,41,97199
Vistara,UK-988,Mumbai,Night,one,Morning,Delhi,Businesf,13.92,22,66928
Indigo,6E-5386,Mumbai,Evening,one,Late_Night,Delhi,Economy,5.08,42,2339
Indigo,6E-496,Kolkata,Early_Morning,one,Afternoon,Chennai,Economy,8.25,38,3771
GO_FIRST,G8-7534,Delhi,Afternoon,one,Night,Kolkata,Economy,8.08,24,5954
GO_FIRST,G8-165,Delhi,Early_Morning,one,Afternoon,Hyderabad,Economy,UK-826,22,5954
Air_India,AI-747,Kolkata,N/A,zero,Late_Night,Hyderabad,"""""",null,14,25470
SpiceJet,SG-198,Bangalore,Night,zero,Late_Night,Delhi,Economy,2.67,18,4756
Indigo,6E-743,Hyderabad,Early_Morning,two_or_more,Night,Chennai,Economy,15.42,17,10307
Vistara,UK-945,Delhi,Morning,one,Night,Chznnai,Economy,11.42,7,11520
Viftara,UK-910,Mumbai,6452789,one,37,Hyderabad,Economy,15.08,20,7135
Vistara,UK-877,Mukbai,Morning,one,UK-824,Delhi,Economy,Chennai,42,""""""
AirAsia,I5-830,Kolkata,Night,zero,Late_Night,Delhi,Eeonomy,N/A,17,3999
Air_India,AI-424,Kolkata,Afternoon,one,Morning,Mumbai,Business,20.67,25,Mumbai
AirAsia,I5-942,Mumbai,Afternoon,one,Late_Night,Delhi,Economy,14.25,6,12687
Vistara,UK-814,Bangalore,Night,one,282,Hyderabad,Business,22.67,48,56588
Vistara,UK-613,Mumbai,Afternoon,two_or_more,Evening,Hyderabad,Business,7.67,3,6E-939
Air_India,AI-569,Chennai,Early_Morning,one,Night,Delhi,Economy,N/A,41,6466
Vistara,UK-902,Mumbai,Afternoon,one,Night,Kolkata,Economy,6.92,24,6450
Vistara,UK-826,Chennai,Afternoon,one,Night,Bangalore,Economy,8.42,18,4755
Vistara,UK-958,Mumbai,N/A,one,Night,Chennai,Economy,7.83,33,4348
Vistara,UK-860,Hyderabad,unknown,one,Afternoon,Mumbai,Economy,8.17,19,NULL
Air_India,AI-538,Chennai,Night,zero,Night,Delvi,Business,2.83,30,27792
GO_FIRST,G8-211,Delhi,Morning,one,Afternoon,Mumbai,Economy,6.75,13,5954
Indigo,6E-2083,Delhi,Early_Morning,one,Evening,Delhi,Economy,11.17,12,12518
SpiceJet,SG-390,Kolkata,Night,zero,Night,Delhi,Economy,212,20,2877
Indigo,6E-5398,Mumbai,Morning,one,Afternoon,Chennai,Economy,6.0,33,1890
Vistara,UK-802,Bangalore,Evening,one,Morning,Mumbai,Business,14.92,12,69244
Vistara,UK-871,Delhi,Night,one,Morning,Bangalore,Economy,12.25,24,3357
Vistara,UK-910,Mumbai,Evening,one,Night,Hyderabad,Economy,5.33,19,
Indigo,6E-2618,Delhi,Afternoon,one,Night,Hyderabad,Economy,?,32,2098
Vistara,UK-838,Chennai,N/A,one,Afternoon,Mumbai,Business,15.5,14,74305
Vistara,UK-708,Kolkata,Night,one,Evening,Hyderabad,Economy,23.5,48,5760
Vistara,UK-845,Mumbai,Early_Morning,one,Afternoon,Delhi,Air_India,-45,41,53152
Indigo,6E-397,Delhi,Afternoon,one,Night,Bangalore,Economy,8.75,3,NULL
AirAsia,I5-749,Bangalore,Night,one,7701760,Kolkata,Economy,8.75,19,3393
Vistara,UK-822,Chennai,Morning,one,Morning,Kolkata,Mumbai,23.92,48,54896
Air_India,AI-839,Delhi,Night,one,-9553187,Bangalore,Business,13.33,24,35490
AirXsia,I5-996,Bangalore,Evening,zero,Night,Hyderabad,Economy,2.83,11,7489
bistara,UK-874,Hyderabad,Morning,one,Morning,Kolkata,Business,25.17,43,48851
Air_India,AI-543,Hyderabad,Morning,one,Early_Morning,Chennai,Economy,20.0,22,6557
Air_India,AI-773,Kolkata,Evening,one,-8431967,Chennxi,Economy,17.67,28,5813
Vistara,UK-830,Hyderabad,Morning,two_or_more,Night,Bangalore,Economy,13.0,20,6461
Vistara,UK-970,Bangalore,Morning,one,NULL,Hyderabad,Business,8.25,36,60365
Indigo,6E-6722,Delhi,Night,zero,Night,Bangalore,Economy,2.25,25,one
Air_India,AI-747,source_city,Night,one,Afternoon,Delhi,Business,13.75,17,57939
Indigo,6E-528,Bangalore,Evening,one,Late_Night,Delhi,Economy,8.83,35,4067
Indigo,6E-6205,Delhi,Afternoon,one,Night,Chennai,Economy,7.17,32,2050
Air_hndia,AI-651,Mumbai,Morning,one,Morning,Kolkata,Economy,23.17,21,8878
Air_India,AI-505,Bangalore,Morning,one,Night,Mumbai,Economy,11.75,31,6578
Vistara,UK-774,Kolkata,Night,one,Evening,Mumbai,Business,23.17,13,69535
Indigo,6E-767,Delhi,Night,one,Early_Morning,Bangalore,Economy,7.92,45,4007
Vistara,UK-820,Bangalore,Evening,one,-5732371,Kolkata,Economy,14.75,7,15889
GO_FIRST,G8-211,Delhi,Morning,one,Delhi,Chennai,Economy,219,42,6042
Indigo,6E-6212,Bangzlore,Morning,one,Night,Hyderabad,Economy,10.0,11,6638
Air_India,AI-774,Mumbai,226,zero,Night,Kolkata,Economy,2.75,40,3177
SpiceJet,SG-5013,Bangalote,Night,zero,Late_Night,Delhi,Economy,2.67,8,7488
Air_India,AI-809,Mumbai,Morning,one,256,Chennai,Business,9.0,7,57554
SpiceJet,SG-4010,Chennai,Evening,zero,-9,Bangalore,Economy,1.33,35,1444
Vistara,UK-826,Chennai,Afternoon,one,Night,Delhi,,9.42,37,5606
SpiceJet,SG-8702,Mumbai,Morning,zero,Afternoon,Delhi,Economy,2.25,13,5943
Vistdra,UK-808,Bangalore,Early_Morning,one,Night,Kolkata,Economy,12.08,8,11205
Vistara,UK-808,Bangalore,Early_Morning,one,Night,Chennai,Economy,12.25,23,6510
Akr_Indoa,AI-865,Delhi,Morning,one,Morning,Kolkats,Economy,22.17,26,5276
Air_India,AI-459,source_city,N/A,one,N/A,Bangalore,Economy,5.67,20,6177
AirAsia,I5-749,Bangalore,Night,one,Early_Morning,destination_city,Economy,8.75,2,5176
Air_India,AI-888,Mumbai,Evening,one,Afternoon,Bancalore,Business,17.5,15,54608
Vistara,UK-832,Chennai,Early_Morning,one,Evening,Chennai,Economy,13.0,8,11069
Vistara,UK-826,Chennai,Afternoon,one,Evening,destination_city,Economy,31.08,13,Afternoon
Vistara,UK-873,Mumbai,Early_Morning,one,201,Delhi,Business,9.33,17,47844
Indigo,6E-2248,Hyderabad,Afternoon,zero,Evening,Delhi,null,one,33,3191
Vistara,UK-706,Bangalore,?,two_or_more,Evening,Bengalore,Economy,9.0,20,7763
AirAsia,I5-1426,Bangalore,Afternoon,one,232,Delhi,Economy,7.33,12,7484
AirAsia,I5-740,Delhi,Early_Morning,one,Afternoon,Hyderabad,Economy,NULL,13,5953
Ibdigo,6E-7336,Delhi,Early_Morning,one,Evening,Mumbai,Hyderabad,8.75,45,4373
Indigo,6E-6205,Delhi,Afternoon,one,Evening,Bangalore,Economy,Night,45,4007
Vistara,UK-819,Delhi,Afternoon,one,Night,Mumbai,Business,N/A,29,53164
Vistara,UK-960,Mumbap,Morning,one,Night,Bangalore,Economy,11.42,23,N/A
Indigo,6E-6187,Delhi,,one,Night,Chennai,Economy,6.42,42,4667
Vistara,UK-828,Chennai,243,one,Evening,Kolkata,Economy,9.83,33,7081
Vistara,UK-928,Mumbai,Early_Morning,one,Evening,Kolkata,Economy,13.08,14,11129
Vistara,UK-894,Hyderabad,one,one,7.67,Kolkata,42457,4.92,14,9178
Vistara,UK-808,Bangalore,Early_Morning,one,Night,Kolkata,Business,13.25,3,73948
Air_India,AI-698,Hyderabad,Night,one,Evening,Delhi,Economy,20.0,26,4387
GO_FIRST,G8-395,Bangalore,Morning,one,Afternoon,Delhi,Economy,7.58,27,UK-826
Xistara,UK-970,Mumbai,Morning,one,Evening,Hyderabad,Economy,Chennai,16,4414
Air_India,AI-868,Delhi,Evening,one,Morning,Kolkata,Economy,14.83,19,5805
Air_India,AI-660,Mumbai,Evening,one,Afternoon,Chennai,Economy,18.67,30,4417
Vistara,UK-655,Mumbai,231,two_or_more,-43,Hyderabad,Economy,8.42,25,6529
SpiceJet,SG-8645,Delhi,Evening,one,Morning,Bangalore,Economy,16.67,32,6427
Air_India,AI-543,Hyderabad,Morning,one,Night,Chennai,unknown,10.83,39,45883
Vistara,UK-826,Chennai,Afternoon,one,252,Delhi,NULL,5.58,7,11448
Air_India,AI-637,Mumbai,Evening,one,Night,Delhi,Economy,26.42,6,9303
SpiceJet,SG-390,Hyderabad,Night,zero,Night,Delhi,Economy,2.08,23,2877
Vistara,UK-963,Delhi,Morning,one,Early_Morning,Hyderabad,Economy,23.0,44,6172
Indigo,6E-926,Delhi,Evening,one,Night,Mumbai,Economy,4.92,36,4212
Vistara,UK-720,Kolkata,UK-706,one,Night,Delhi,Business,14.08,8,81407
Air_India,AI-442,Mumbai,Afternoon,one,Morning,Chennai,Economy,16.5,9,14094
Vistara,UK-820,Mumbai,Evening,one,Afternoon,Hyderabad,Economv,18.75,39,6133
GO_FIRST,G8-551,Hyderabad,Morning,one,Night,Mumbai,Economy,12.75,48,3700
Vistara,UK-975,Delhi,Early_Morning,one,Evening,Kolkata,Business,null,14,80985
Vistara,UK-813,Delhi,Evening,two_or_more,Morning,Chennai,N/A,15.25,31,8719
Vistara,UK-995,Delhi,Morning,one,19,Kolkata,,6.5,24,65529
Vistara,UK-943,Delhi,Early_Morning,one,-61,Bangalore,Busijess,10.25,12,57017
Vistara,UK-960,Mumbai,Morning,one,Evening,Kolkata,"""""",6.17,7,12557
AirAsia,I5-1518,Hyderabad,Evening,zero,Night,Bangalore,Ewonomi,1.17,42,1776
Vistara,UK-738,Kolkata,Evening,one,Evening,Hyderabad,null,25.17,34,52175
Air_India,AI-505,Bangalore,Morning,one,Evening,Mumbai,Business,7.83,46,54684
Vistara,UK-824,Chennai,Night,one,Evening,Delhi,Economy,264,49,N/A
Vistara,UK-778,Kolkata,Afternoon,one,Afternoon,Chennai,Business,21.25,14,62255
Vistara,UK-859,Delii,-99,one,"""""",Kolkata,Business,8307745,29,41281
Vistara,UK-970,Mumbai,Morning,one,Evening,Kolkata,Economy,10.83,40,5949
Vistara,UK-836,Chennai,23,one,NULL,Bangalore,Mumbai,10.17,6,15794
Air_India,AI-9505,Bangalore,Morning,one,Night,Mumbai,Economy,14.08,30,4027
Vistara,UK-876,Hyderabad,Night,one,Morning,Delhi,38,12.08,49,6292
Vistara,UK-977,Delhi,Evening,one,Evening,Kolkata,Economy,21.83,5,14880
Vistara,UK-960,Mumbai,Morning,one,Evening,Bangalore,Economy,6.92,35,6450
SpiceJet,SG-264,Kolkata,Night,zero,Late_Night,Delhi,Economy,2.58,49,3999
Indigo,6E-496,Kolkata,Night,one,Evening,Chennai,Economy,10.83,42,3015
Indigo,6E-2034,Bangalore,Evening,zero,Night,Delhi,Economy,2.92,12,7488
Indigo,6E-5327,Kolkata,Evening,zero,-5911181,Mumbai,Economy,3.0,31,5754
Vistara,UK-815,Delhi,Morning,zero,Morning,Bangalore,Business,2.75,36,32859
CO_FNRST,G8-286,Bangalore,Morning,one,Evening,Mumbai,Economy,7.5,23,7437
Vistara,UK-860,Hyderabad,Early_Morning,one,Morning,Chennai,Economy,Delhi,21,4009
Air_India,AI-806,Mumbai,Early_Morning,one,Morning,Kolkata,Economy,16552,19,6840
AirAsia,I5-1529,Delhi,Morning,one,Late_Night,Mumbai,Economy,15.0,49,2409
Vistara,UK-708,Kolkata,Night,one,Afternoon,Mumbai,Business,18.58,11,70543
GO_FIRST,G8-717,Bangalore,Evening,one,unknown,Mumbai,Economy,9.33,20,3330
Vistara,UK-720,Kolkata,Early_Morning,zero,Morning,Delhi,Economy,2.42,20,4001
GO_FIRST,G8-510,Chennai,Early_Morning,one,Evening,Chennai,Economy,9.67,16,3091
Indigo,6E-5175,Delhi,Morning,zero,Afternoon,Bangalore,Economy,2.92,11,7425
Visjara,UK-853,Mumbai,Afternoon,one,Night,Delhi,Business,6.42,15,60589
Vistara,UK-963,Delhi,Morning,one,Evening,Kolkata,Economy,11.08,5,14880
Air_India,AI-671,Mumbai,Morning,one,Afternoon,Delhi,Economy,28.0,42,3843
GO_FIRST,G8-7547,Hyderabad,,one,?,Delhi,Economy,5.75,11,Night
Vistara,UK-708,Chennai,Night,one,"""""",Bangalore,,14.5,48,8111
AirAsia,I5-721,Delhi,Night,zero,Night,Bangalore,Economy,2.83,24,4499
GO_FIRST,G8-520,Mumbai,Night,zero,Night,Kklkata,Economy,2.58,11,7412
Indigo,6E-7561,Kolkata,Early_Morning,one,Evening,Mumbai,Economy,9.17,42,4515
Vistara,UK-836,Chennai,Morning,one,Evening,Mumbai,Economy,5.75,13,11069
AirAsia,I5-510,Hyderabad,Early_Morning,one,224,Kolkata,Economy,6.0,14,5291
Air_India,AI-887,Delhi,Early_Morning,one,Morning,Kolkata,Economy,25.83,16,
Vistara,UK-720,Chennai,Early_Morning,one,Afternoon,Mumbai,Economy,6.83,19,6067
Vistara,UK-836,Chennai,Economy,one,Evening,Bangalore,Business,8.08,3,98839
Visyara,UK-988,Hyderabad,Night,one,Morning,Kulkcta,Economy,12.67,31,6159
Vistara,UK-826,Delhi,Afternoon,one,Night,Kolkata,Economy,10.25,40,9216
AirAsia,I5-1518,Hyderabad,-4713307,one,Morning,Delhi,Economy,13.17,18,2228
Air_India,AI-543,Hyderabad,-16,one,Evening,Mumbai,Economy,8.67,33,4363
Vistara,UK-659,Hyderabad,Morning,two_or_more,Night,Bangalore,Economy,-7267284,22,11367
Air_India,AI-539,source_city,Evening,one,Morning,Hyderabad,Business,17.5,17,null
Indigo,6E-294,Kolkata,Evening,one,Late_Night,Delhl,Economy,-373950,20,6489
Air_India,AI-9720,Kolyaya,Early_Morning,two_or_more,Evening,Mumbai,Economy,12.25,10,11785
Air_India,AI-542,Delhi,Morning,one,Morning,Kokkata,Business,22.33,28,43376
Vistara,UK-814,Bangalore,Night,one,N/A,Kolkata,Exonomy,,49,8112
Air_India,AI-766,Chennai,Morning,one,Late_Night,destination_city,Business,14.5,35,44546
Vistara,UK-890,Hyderabad,Evening,zero,Evening,Delhi,Business,2.25,10,30808
Vistara,UK-706,Kolkata,,one,unknown,Hyderabad,Business,12.67,12,52175
Vistara,UK-706,Kookata,Morning,one,null,Chennai,2.42,12.5,33,5910
Vistara,UK-706,Kolkata,Morning,one,Night,Mumbai,Business,10.17,25,71058
GO_FIRST,G8-422,Delhi,Evening,one,Early_Morning,Kolkata,Economy,12.33,37,4327
Vistara,UK-776,Kolkata,Evening,one,Morning,Delhi,Economy,4774423,47,7145
Air_India,AI-402,Bangalore,Morning,two_or_more,Evening,Mumbai,Economy,30.0,8,14157
Air_India,AI-503,Bangalore,Evening,one,Evening,Muobai,Business,Air_India,38,54684
SpiceJet,SG-8946,Delhi,Morning,one,Evening,Chennai,Economy,6.17,16,32
Vistara,UK-876,Hyderabad,Night,one,-5433396,Delhi,Economy,24.33,4,10018
Air_India,AI-678,Delhi,Morning,one,Night,Nyderabad,Economy,12.58,22,4209
Indigo,6E-6172,Kolkata,Night,zero,Late_Night,Hyderabad,16,2.17,37,2750
GO_FIRST,G8-424,Hyderabad,Early_Morning,one,Afternoon,Bangalore,Economy,6.33,27,4165
Vistara,UK-808,Beugalors,Early_Morning,one,Evening,Bangalore,Economy,7900,7,11205
Air_India,AI-809,Mumbai,11.08,one,Night,Chennai,Economy,13.58,13,9201
Vistara,UK-850,Bangalore,Evening,one,Morning,Mumbai,Business,12.92,15,44280
Vistara,UK-928,Chennai,Early_Morning,one,Afternoon,Hyderabad,Business,6.08,45,53645
Vistara,UK-778,Kolkata,null,one,Morning,Bangalore,Economy,17.33,13,13014
Indigo,6E-847,Chennai,Evening,one,Night,Delhi,Ezobomy,6.67,11,7877
AirAsia,I5-974,Hyderabad,Night,one,Late_Night,Delhi,Economy,5.17,22,2228
Vistara,UK-828,source_city,Early_Morning,one,Evening,Delhi,Business,-8144401,46,NULL
GO_FIRST,G8-7549,Delhi,Afternoon,one,Late_Night,Chennai,Economy,9.25,12,7426
Air_India,AI-640,Bangalore,Early_Morning,one,Evening,Gelgi,Business,Afternoon,14,42521
Vistara,UK-943,Delhi,null,one,Afternoon,Hyderabad,Economy,4.75,38,6172
AirAsia,I5-711,Delhi,Early_Morning,one,Afternoon,Bangalore,Economy,"""""",47,3090
Air_India,AI-441,Delhi,Evening,one,7791065,Kolkata,Ewonomy,3.75,12,5955
Vistara,UK-874,Hyderabad,Morning,one,Morning,Chennai,Economy,24.33,27,6287
AirAsia,I5-821,Chennai,Mumbai,one,Morning,Bangalore,Economy,10.17,19,1550
Vistara,UK-772,Mumbai,Morning,one,Early_Morning,Bangalore,Economy,21.42,8,12166
Air_India,AI-516,Bangalore,Early_Morning,two_or_more,Evening,Chennai,Busivess,11.42,28,63027
Air_India,AI-539,Chennai,,one,Night,Hyderabad,Economy,Vistara,46,6308
AirAsia,I5-1518,Bangalore,Evening,one,Morning,Kolkata,Economy,13.17,2,one
Indigo,6E-841,Bangalore,531831,one,Night,Kolkata,Economy,6.42,47,3393
Indigo,6E-6006,Chennai,Afternoon,one,Night,Delhk,Economy,8.0,13,7877
Vistara,UK-772,Kolkata,Morning,one,Economy,Bengalure,Economy,22.42,21,unknown
SpiceJet,SG-390,source_city,Night,zero,50969,Dvlhi,Economy,2.08,37,2276
Vistara,UK-817,Dephi,Evening,two_or_more,Morning,Chennai,Ecobomy,16.75,21,8719
Vistara,UK-822,Chennai,Morning,one,Night,Hyderabad,Economy,11.17,24,6032
Air_India,AI-537,Delhi,Evening,one,Evening,Mumbai,Business,-9851123,34,50969
Vistara,UK-808,Bangalore,Early_Morning,one,Night,Chennai,Economy,14.0,28,6568
Air_India,AI-660,Mumbai,Evening,one,NULL,Hyderabad,Business,16.5,26,45693
Air_India,AI-651,Mumbai,Morning,one,Night,Delhi,Economy,one,29,5840
GO_FIRST,G8-7536,Mumbai,213,one,Night,Bangalore,Economy,8.92,40,6319
Vistara,UK-826,Chennai,Afternoon,one,Night,Delhi,Economy,8.17,43,N/A
Air_India,AI-631,Mumbai,Evening,two_or_more,-28,Kolkata,Business,19.17,25,57349
Indigo,6E-541,Bangalore,Morning,zero,Morning,Chennai,Economy,1.08,13,3498
Vistara,UK-858,Bangalore,Early_Morning,one,Morning,Chennai,Economy,5.17,12,9241
Indigo,6E-6258,Mumbai,Morning,one,Evening,Bangalore,Economy,6.42,32,2124
Air_India,AI-9885,Hyderabad,Morning,two_or_more,Morning,Bangalore,Economy,22.17,3,15368
Air_India,AI-541,Hyderabad,Evening,one,Late_Night,Bangalore,Business,7.92,42,56590
Vistara,UK-943,Delhi,Early_Morning,one,Night,Bangalore,Business,13.42,11,UK-910
Air_India,AI-430,Chennai,Morning,one,Night,Mumbai,null,12.25,21,4357
Air_India,AI-442,Mumbai,Afternoon,one,Evening,Kolkata,Business,27.58,12,NULL
Air_India,AI-804,Bangalore,Early_Morning,one,Night,Hyderabad,Business,17.42,14,56476
Air_India,AI-543,Hyderabad,Morning,one,Afternoon,Bangalore,Economy,-1797584,30,7544
Air_India,AI-541,Hyderabad,Evening,one,Afternoon,Chennai,Business,20.42,46,51595
Indigo,6E-5208,source_city,Evening,one,Night,Chennai,?,4.92,11,8306
Vistara,UK-994,Mumbai,Morning,zero,Afternoon,Delhi,Economy,2.25,34,2339
Vistara,UK-720,Kolkata,Early_Morning,two_or_more,Night,Bangalore,Economy,16.17,25,8111
SpiczJet,SG-387,Kolkata,Night,one,Night,Mumbai,Economy,,41,6033
Air_India,AI-525,Hyderabad,Early_Morning,one,Night,Bangalore,Business,14.83,34,44546
Vistara,UK-802,Bangalore,Evening,one,Early_Morning,Mumbai,Business,13.08,27,67004
Vistara,UK-988,Mumbai,Night,one,Morning,Bangalore,Business,12.75,20,58125
Vistara,UK-822,Chennai,Morning,one,258,Bangalore,Economy,23.08,4,unknown
Indigo,6E-2373,Delhi,Afternoon,one,Evening,Mumbai,Economy,unknown,43,2410
Air_India,AI-639,Mumbai,Morning,one,Afternoon,Delhi,Economy,6.42,25,NULL
Vistara,UK-738,Kolkata,Evening,one,Morning,Chennai,Economy,15.17,33,5660
Vistara,UK-850,Bangalore,Evening,one,AI-9891,Delhi,Business,5.0,49,42521
Vistara,UK-823,Mumbai,Evening,zero,Evening,Chennai,Economy,2.08,26,2900
Vistara,UK-637,Delhi,Evening,one,Evening,Hyderabad,Economy,24.33,45,5097
Vistara,UK-738,Kolkata,Evening,one,Morning,Bangalore,Economy,17.08,21,""""""
Vistara,UK-826,Chennai,Afternoon,one,4181888,Bangalore,Economy,31.0,22,7240
SpiceJet,SG-8263,Delhi,Early_Morning,zero,Morning,Kolkata,Economy,2.08,13,6270
Air_India,AI-807,Delhi,Evening,one,-8941334,Hyderabad,Evening,26.92,28,5950
SpiceJet,SG-678,Chennai,Early_Morning,one,Morning,Delhi,Economy,27.17,27,4048
Vistara,UK-927,Delhk,Morning,zero,Morning,Mumbai,Economy,21,3,5955
Air_India,AI-765,Kolkata,-57,one,Morning,Hyderabad,Economy,16.67,8,N/A
Vistara,UK-775,Mumbai,6105521,one,Night,Delhi,Economy,7.17,31,8888
Vistara,UK-738,Kolkata,Evening,one,Afternoon,Mumbai,Economt,Vistara,45,6067
Vistara,UK-988,Mumbai,Night,one,Afternoon,Hyderabad,Business,,40,58125
Air_India,AI-639,Mumbai,Morning,zero,Morning,Bangalore,Business,1.67,41,20684
Indigo,6E-7224,Hyderabad,Evening,one,Night,Chennai,GO_FIRST,6.83,16,3772
Indigo,6E-2147,Delhi,Night,one,Early_Morning,destination_city,Economy,8.67,43,3389
Vistara,UK-776,Kolkata,Evening,one,Evening,Chennai,Economy,26.33,41,7021
Vistara,UK-970,Mumbai,Morning,one,Evening,Kolkata,Economy,10.83,49,5949
Vistara,UK-928,Mumbai,Early_Morning,one,Night,destination_city,Business,16.42,13,""""""
GO_SIDST,G8-102,Kolkata,null,one,Night,Hyderabad,Economy,9.0,49,5888
AirAsia,I5-747,Delhi,1378086,one,Late_Night,Delhi,Economy,-6259052,37,4031
Vistara,UK-995,Delhi,Morning,one,Evening,Chennai,Economy,2924492,7,11520
Vistara,UK-774,Kolkata,Night,one,Evening,Chennai,Business,23.33,12,55502
Vistara,UK-996,Mumbai,Evening,one,Morning,Bangalore,Business,14.5,47,69168
Air_India,AI-442,Mumbai,Afternoon,one,Early_Morning,Hyderabad,Economy,18.92,28,4173
Air_India,AI-9720,Kolkata,Early_Morning,one,Afternoon,Delhi,Economy,7.92,31,5415
Vistara,UK-873,Mumbai,Early_Morning,one,59929,Delhi,Economy,9.33,21,5232
Air_India,AI-864,source_city,Early_Morning,one,Late_Night,Bangalore,Economy,17.17,7,9201
Vistara,UK-810,Bangalore,Early_Morning,one,Evening,Mumbai,Economy,12.08,49,6568
Air_India,AI-804,Bangalore,Early_Morning,one,Morning,Kolkata,Business,256,20,60508
Vistara,UK-951,Delhi,Afternoon,one,Early_Morning,Delhi,Bisineds,17.5,5,42457
AirEviw,I5-1543,Hydwrabad,Afternoon,one,Night,Mumbai,Economy,6.25,31,2250
Vistara,UK-774,Kolkata,Night,one,Evening,Bangalore,Business,21.17,48,52287
Vistara,UK-876,Hyderabad,Night,one,Evening,Kolkata,Economy,19.25,42,7767
Vistara,UK-810,Bangalore,Early_Morning,one,N/A,Hyderabad,Businesd,10.0,44,56588
Air_India,AI-402,Chennai,Morning,one,-1161032,Chennai,Business,8.58,23,NULL
Vistara,UK-772,Kolkata,-9885773,one,Evening,Bangalore,null,8.83,39,6195
GO_FIRST,G8-339,Mumbai,Evening,one,Morning,Bangalore,Ecinomn,242,35,6319
Vistara,UK-824,Chennai,Night,one,Morning,Delhi,Economy,11.58,11,11448
Air_India,AI-9891,Hyderabad,Evening,one,Morning,Bangalore,Economy,17.5,13,7646
Air_India,AI-675,Mumbai,Early_Morning,one,Evening,Chennai,Economy,13.5,11,12978
AirAsia,I5-330,Mumbai,Night,one,Afternoon,Bangalore,Economy,13.5,25,""""""
Vistara,UK-955,Delhi,Evening,one,Afternoon,Hyderabad,Economy,18.5,8,9840
Vistara,UK-864,Bangaljre,Evening,one,Late_Night,Mumbai,Economy,5.17,35,4111
Air_India,AI-559,Hyderabad,Early_Morning,one,Night,Mumbsi,Business,14.75,7,45883
Vistara,UK-820,Bangalore,Evening,one,Morning,Hfderagad,Economy,?,28,6133
Vistara,UK-747,Delhi,Early_Morning,zero,Morning,Bangalore,Business,2.08,49,28872
GO_FIRST,G8-7559,Chennai,?,one,Night,Hyderabad,Economy,6.67,16,5947
Air_India,AI-806,numbai,Early_Morning,one,Morning,Bangalore,Economy,24.92,10,9201
Air_India,AI-503,Bangalore,Evening,one,Evening,Mumbai,Economy,24.17,35,NULL
Vistara,UK-910,Mumbai,Evening,one,?,Hyderabad,Business,5.33,13,61597
Vistara,UK-954,Mumbai,Early_Morning,one,Evening,Bangalore,Business,12.83,32,54608
Vistara,UK-944,Mumbai,Afternoon,one,Morning,Kolkata,Business,18.92,9,62045
Air_India,AI-765,Kolkata,Night,one,Evening,Delhi,Economy,-7675595,27,6809
Vistara,UK-876,Hyderabad,Night,one,Morning,Chennai,Economy,11.25,5,8641
Indigo,6E-524,Bangalore,Morning,one,Evening,Kolkata,Economy,7.92,43,6548
Lndigo,6E-6051,Hyderabad,Evening,one,Late_Night,Bangalore,Economy,6.0,45,2124
Air_India,AI-804,Bangalore,Bangalore,one,Evening,Mumbai,Economy,14.25,19,6578
Vistara,UK-981,Delhi,Night,one,Morning,Bangalore,Business,N/A,31,54777
Air_India,AI-430,Chennai,Morning,one,Evening,Mumbai,Economy,10.08,30,5617
Vistara,UK-819,Delhi,Afternoon,one,Night,Mumbai,Economy,6.0,37,6296
AirAsia,I5-1518,Hyderabad,Evening,one,Late_Night,Kolkata,Economy,5.83,8,5291
Vistara,UK-824,Chennai,Night,one,-16,Delhi,Business,23.25,5,75504
Vistara,UK-954,Mumbai,Early_Morning,one,unknown,Hyderabad,Business,6.58,21,45805
Vistara,UK-852,Bangalore,Morning,one,Evening,Delhi,Business,10.42,36,51817
Vistara,UK-897,Bangalore,Early_Morning,two_or_more,Morning,Kolkata,Economy,25.75,29,9175
Air_India,AI-9547,Bangalore,Evening,one,Late_Night,Delhi,Economy,8.67,31,6072
Vistara,UK-876,Hyderabad,Night,one,Evening,Delhi,Business,19.33,33,59827
Vistara,UK-958,Mumbai,Evening,one,Evening,Bangalore,Economy,6.42,25,NULL
Air_India,AI-544,Delhi,Evening,one,Early_Morning,Delhi,Economy,14.75,21,3726
Indigo,6E-6965,Kolkata,Afternoon,one,214,Delhi,UK-825,8.75,11,7954
Indigo,6E-6006,Chennai,-21,zero,Evening,Hyderabad,Economy,1.33,25,?
Vistara,UK-944,Mumbai,Afternoon,zero,Evening,Delhi,Economy,2.25,23,2339
Air_India,AI-768,Kolksta,Afternoon,one,Late_Night,Bangalore,Economy,8.67,39,7474
Air_India,AI-768,Kolkata,Afternoon,one,Morning,Hyderabad,Business,20.42,21,4
AirAsia,I5-775,Delhi,Afternoon,two_or_more,,Bangalore,Economy,11.0,46,3090
Nistara,UK-854,Bakeallre,Evening,one,Morning,Bangalore,Economy,15.25,7,13303
Air_India,AI-9643,Delhi,Evening,one,Afternoon,Mumbai,Economy,Kolkata,1,12938
Air_ondia,AI-811,Delhi,unknown,one,Afternoon,Mumbai,Business,18.92,32,32646
Air_India,AI-770,Kolkata,Night,one,Morning,Hyderabad,Economy,14.0,26,4724
Vistara,UK-941,Chennai,233,zero,Evening,Hyderabad,Business,19,14,29992
Air_India,AI-442,Mumbai,Afternoon,one,Night,Chennai,Business,8.17,46,49613
Vistara,UK-860,Hyderabad,Early_Morning,one,Afternoon,Mumbai,Economy,"""""",11,11854
Vistara,UK-858,Bangalore,Early_Morning,one,Night,Kolkata,Business,14.0,45,57081
Air_India,AI-9893,Hyderabad,Early_Morning,one,Morning,Mumbai,Economy,25.58,11,10018
SpiceJet,SG-8709,Delhi,Evening,zero,Night,Mumbai,11,2.17,15,2621
Vistara,UK-738,Kolkata,Evening,one,Afternoon,Mumbai,Business,20.25,13,62591
Vistara,UK-874,Hyferabad,Morning,one,-7031223,Delhi,Economy,14.5,9,10018
Indigo,6E-2331,Delhi,Early_Morning,zero,-9936696,Hyderabad,Economy,2.33,47,2098
Itdugo,6E-5307,Mumuai,Morning,zero,"""""",Chennai,Econojy,2.0,44,3000
Air_India,AI-660,Mumbai,Evening,one,Evening,Bangalore,Business,22.25,33,54608
Indigo,6E-5344,Bangalore,4836,zero,Late_Night,Mumbai,Economy,"""""",12,5178
Air_India,AI-624,Delhi,Evening,zero,Night,Mumbai,Business,2.25,3,25612
Vistara,UK-894,Hyderabad,Evening,one,Morning,gelhi,Economy,16.17,8,11488
Vistara,UK-858,Kolkata,Early_Morning,one,Evening,Delhi,Business,11.42,10,54841
Air_India,AI-402,Kolkata,Morning,one,Night,Mumbai,Business,11.75,11,50271
Vistara,UK-899,Delhi,Afternoon,one,Evening,Bangalore,Economy,4.75,16,3357
Vistara,UK-878,Hyderabad,Afternoon,one,Night,Chenndi,Ecomomy,10.17,5,8641
Indigo,6E-2154,Delhi,Morning,one,Evening,Mumbai,Economy,8.33,19,4531
Air_India,AI-615,Mumbai,"""""",one,Early_Morning,Chehnai,Economy,Mumbai,45,3318
Vistara,UK-830,Hyderabad,Morning,two_or_more,Night,Bangalore,AirAsia,10.08,42,6461
GO_FIRST,G8-123,Hyderabad,Early_Morning,one,0,Delhi,Economy,10.83,4,6132
Air_India,AI-864,Mumbai,Early_Morning,one,Night,Bangalore,Business,13.08,39,?
Indigo,6E-684,Bangalore,Night,zero,Night,Hyderabad,Economy,Indigo,34,1714
Indigo,6E-6021,Delhi,Afternoon,one,Late_Night,Bangalore,Economy,11.17,43,4211
Vistara,UK-807,Hyderabad,Night,one,Morning,Mumbai,Economy,13.58,46,6296
Vistara,UK-822,Chennai,-9750311,one,6E-7403,Bangalore,Economy,22.08,11,9105
Vistara,UK-874,Hyderabad,Morning,one,Night,Chennai,Economy,11.75,28,7900
Air_India,AI-773,Kolkata,-5806133,one,"""""",Delki,Economy,6.5,1,15309
SpiceJet,SG-4027,Mumbai,Morning,one,Evening,Mumbai,Economy,8.67,24,12464
Vistara,UK-720,Kolkata,Early_Morning,two_or_more,N/A,Bangalore,Economy,13.25,44,unknown
Indigo,6E-2028,Delhi,Afternoon,one,Night,Chennai,Economy,8.25,41,?
Vistara,UK-705,Chennai,Early_Morning,one,Night,Mumbai,Business,12.83,8,69113
Air_India,AI-9517,Bangalore,Evening,one,Morning,Mumbai,Economy,14.83,29,3709
Vistara,UK-873,Mumbai,Early_Morning,zero,41,Hyderabad,Uusmnesw,1.5,42,17604
Vistara,UK-835,Delhi,Evening,one,Morning,Mumbai,Business,15.75,4,51384
Indigo,6E-7223,Bangalore,Afternoon,zero,Evening,Hyderabad,Economy,7186207,15,5493
Vistara,UK-812,Kolkata,Morning,one,Evening,destination_city,Business,6.58,35,one
Vistara,UK-859,Delhi,Morning,one,-9348623,Mumbai,Economy,-66,48,5227
SpiceJet,SG-3027,Bangalore,Early_Morning,one,Afternoon,Mumbai,Economy,9.0,3,13474
Air_India,AI-770,Delhi,Night,one,Morning,Bangalore,Economy,12.42,13,14364
Indigo,6E-371,Hyderabad,Evening,one,Late_Night,Kolkata,Economy,5.92,40,3223
Vistara,UK-970,Mumbai,Morning,one,-4490750,Bangalore,Business,11.67,32,69168
Vistara,UK-943,Delhi,Early_Morning,one,Night,Chennai,Business,15.58,38,60232
Air_India,AI-610,Bangalore,Evening,one,Evening,Delhi,Business,24.0,48,42521
GO_FIRST,G8-7546,Mumbai,2931,one,?,Hyderabad,Economy,Chennai,12,4262
Indigo,6E-967,Delhi,Evening,one,Late_Night,Chennai,Economy,6.67,2,8596
Viseara,UK-945,Delhi,Morning,zero,Afternoon,Mumbai,Economy,6207045,15,2700
AirAsia,I5-1543,Hyderabad,-3530865,one,Late_Night,Kolkata,Economy,11.25,20,2056
Indigo,6E-2042,Delhi,Night,one,Early_Morning,Mumbai,Economy,9.58,33,3549
Vistara,UK-706,Bangalore,Morning,two_or_more,Evening,Chennai,Economy,33.67,22,16552
Air_India,AI-9745,Kolkata,Morning,one,Night,Delhi,Economy,12.33,7,9534
Vistara,UK-880,Hyderabad,Afternoon,one,Night,Mumbai,Business,Indigo,9,67130
Vistara,UK-902,Mumbai,Afternoon,one,Night,Kolkata,Business,7.0,33,72125
AirAsia,I5-2991,Kolkata,Night,one,Morning,Chennai,Economy,unknown,24,3961
GO_FIRST,G8-571,Hyderabad,Night,one,Early_Morning,Mumbai,Economy,-6844872,36,3763
AirAsia,I5-991,Kolkata,Evening,zero,null,Bangalore,Economy,2.83,44,3862
GO_FIRST,G8-7546,Mulbai,Evening,zero,Evening,Bangalore,Economy,1.67,34,2124
Vistara,UK-738,Kolkata,Evening,one,Morning,Chennai,Economy,15.17,37,14.25
Air_India,AI-541,Delhi,Evening,zero,Evening,Delhi,Business,2.25,20,24122
AirAsia,I5-2392,Bangalore,Morning,one,-5843764,Chennai,AI-631,7.58,26,2723
Vistara,UK-821,Mgmbai,Early_Morning,one,Afternoon,Delhi,Economy,null,29,4909
Vistdva,UK-866,Bangalore,Night,one,Afternoon,Chennai,Economy,14.58,22,5322
Air_India,AI-624,source_city,Evening,one,Morning,Chennai,Business,15.92,47,45257
Air_India,AI-440,Chennai,Early_Morning,one,Afternoon,Mumbai,Business,6.67,46,49553
Air_India,AI-868,Delhi,Evening,one,Early_Morning,Chennai,Bangalore,13.33,41,45257
Indigo,6E-541,Bangalore,Morning,one,Evening,Kolkata,Economy,7.83,17,5178
Vistara,UK-994,Bangalore,Morning,one,Night,Chennaj,Business,12.33,29,61933
Vistara,UK-738,Kolkata,Evening,one,Night,Hyderabad,Business,28.17,35,52175
Indigo,6E-512,Hyderabad,-9505828,one,Evening,destination_city,Economy,5.92,49,4170
Vistara,UK-817,Delhi,Evening,zero,Evening,Bangalore,Business,2.75,28,32859
Viftara,UK-846,Bangalore,UK-822,one,Evening,Kolkata,Economy,11.42,37,6271
Indigo,6E-224,Nolkaea,Night,zero,Night,Delhi,Economy,2.5,32,Chennai
Indigo,6E-2028,Delhi,Afternoon,one,one,Chennai,Economy,8.25,31,4729
Indigo,6E-2478,Delhi,62448,one,Early_Morning,Chennai,Economy,8.33,28,2931
Air_India,AI-440,Chennai,Early_Morning,one,unknown,Mumbai,Business,-9486569,48,49553
Vistara,UK-852,Bangalore,Morning,one,Night,Delhi,Business,11.17,31,57081
AirAsia,I5-1561,Bangalore,Evening,zero,Night,Mumbai,Economy,1.75,37,2201
AirAsia,I5-942,Mumbai,8741250,two_or_more,Late_Night,Kolkata,Economg,-23,15,7411
AirAsia,I5-1563,Kolkata,Evening,two_or_more,Morning,Mumbai,Economy,15.58,1,5070
Vistara,UK-838,Chennai,Night,one,Evening,Bangalore,Business,19.92,27,60260
Vistara,UK-808,Bangalore,Early_Morning,one,Evening,kumbai,Economy,8.5,49,6568
Vistara,UK-774,Kolkata,Night,one,Night,Bangalore,Blsiness,24.33,15,52287
Vistara,UK-880,Hyderabad,Afternoon,one,Night,Bangalore,Economy,7.0,34,6461
Indigo,6E-139,Iolkata,Early_Morning,one,Afternoon,Hyderabad,Economy,6.58,29,6489
Vistara,UK-738,Kolkata,Evening,one,Night,Chennai,Economy,?,45,5910
Air_India,AI-543,source_city,Morning,one,Night,Bangalore,Business,8.75,14,Hyderabad
Vistara,UK-851,Mumuai,Early_Morning,one,Night,Hyderabad,Economy,AI-672,36,3334
